"","X","Station","Date","Temp","Sal","Score"
"1",10,"WJ018.00","28-Jun-10",20.01,16.02,1700
"2",63,"WJ018.00","3-Jan-95",-1.05,31,1100
"3",74,"WJ016.00","27-May-14",12,28,1080
"4",78,"WJ024.00","26-May-15",14,30,1000
"5",82,"WJ016.00","27-Sep-16",24,32,920
"6",83,"WJ018.20","28-Jun-10",20,22,920
"7",85,"WJ017.50","15-Jun-09",15,22.02,840
"8",111,"WJ018.00","2-Aug-06",30.3,1.5,460
"9",143,"WJ018.00","29-Nov-94",1,12.01,460
"10",174,"WJ017.80","15-Jun-09",15,24,280
"11",175,"WJ018.20","15-Jun-09",15,26,280
"12",177,"WJ019.00","22-Aug-16",25,30.3,240
"13",183,"WJ024.00","12-Jul-06",23.05,30,240
"14",188,"WJ018.00","29-Nov-05",5,26,240
"15",208,"WJ024.00","6-Aug-03",18,30.45,240
"16",213,"WJ018.00","13-Jun-02",15,20,240
"17",276,"WJ018.00","8-Jan-95",0,5,240
"18",278,"WJ018.00","28-Dec-94",2,32,240
"19",289,"WJ024.00","28-Jul-92",20,32,240
"20",290,"WJ019.00","9-Jun-92",16,31,240
"21",294,"WJ022.00","23-May-91",9,31,240
"22",309,"WJ018.90","22-Aug-16",21,30,200
"23",326,"WJ018.00","12-Jul-06",26,26,150
"24",344,"WJ018.00","5-Nov-92",12,30,150
"26",358,"WJ018.90","15-Jun-09",15,28,140
"27",363,"WJ019.00","17-Nov-08",7,25,134
"28",367,"WJ018.60","15-Jun-09",15,28,126
"29",371,"WJ018.60","17-Nov-08",6,22,122
"30",374,"WJ018.00","15-Jun-09",15,26,120
"31",378,"WJ018.20","16-May-11",10,26,116
"32",395,"WJ016.00","6-Jan-14",0,31,100
"33",400,"WJ018.90","17-Nov-08",7,26,100
"34",412,"WJ016.00","29-Jun-16",20,30,94
"35",415,"WJ016.00","29-May-14",13,28,94
"36",416,"WJ018.20","17-Nov-08",7,26,94
"37",551,"WJ018.00","23-Jan-96",0,9,93
"38",569,"WJ018.00","17-Jan-95",1,17,93
"39",571,"WJ019.00","3-Jan-95",-2,31,93
"40",572,"WJ021.00","29-Nov-94",3,28,93
"41",573,"WJ024.00","29-Nov-94",3,32,93
"42",584,"WJ016.00","27-Dec-93",0,31,93
"43",598,"WJ021.00","9-Jun-92",15,30,93
"44",612,"WJ018.90","22-May-13",11,28,90
"45",614,"WJ018.60","22-Aug-16",25,30,88
"46",623,"WJ017.80","22-Aug-16",25,30,84
"47",628,"WJ018.20","26-May-15",16,30,82
"48",646,"WJ017.50","5-Dec-07",0,30,76
"49",685,"WJ017.80","18-Jul-17",19,32,68
"50",690,"WJ019.00","15-Dec-15",8,30,66
"51",702,"WJ017.80","1-Sep-09",20,28,64
"52",710,"WJ017.80","16-May-11",10,26,62
"53",712,"WJ018.00","8-Jun-10",15,25,62
"54",729,"WJ018.60","17-Oct-11",13,26,56
"55",730,"WJ017.50","16-May-11",10,26,56
"56",732,"WJ017.80","17-Nov-08",7,28,56
"57",742,"WJ018.00","17-May-17",19,26,52
"58",764,"WJ018.00","17-Nov-08",7,26,50
"59",769,"WJ018.20","22-Aug-16",23,30,48
"60",792,"WJ017.00","5-Jan-09",2,32,44
"61",796,"WJ019.00","12-Jul-06",26,28,43
"62",800,"WJ019.00","26-Apr-06",6,32,43
"63",806,"WJ016.00","29-Nov-05",5,30,43
"64",813,"WJ024.00","16-Aug-05",18,30,43
"65",823,"WJ024.00","13-Oct-04",12,30,43
"66",835,"WJ019.00","6-Aug-03",18,30,43
"67",836,"WJ021.00","6-Aug-03",18,30,43
"68",839,"WJ018.00","23-Jul-03",20,31,43
"69",852,"WJ016.00","13-Jun-02",14,31,43
"75",1000,"WJ018.00","24-Sep-96",14,32,43
"76",1019,"WJ018.00","19-May-96",13,25,43
"77",1021,"WJ016.00","19-Dec-95",0,33,43
"80",1026,"WJ018.00","13-Nov-95",6,22,43
"81",1038,"WJ018.00","19-Jul-95",17,29,43
"82",1045,"WJ024.00","18-Jun-95",20,31,43
"83",1053,"WJ019.00","8-Jan-95",-1,29,43
"84",1054,"WJ017.00","28-Dec-94",1,32,43
"85",1061,"WJ019.00","28-Sep-94",15,31,43
"86",1076,"WJ024.00","22-Aug-93",19,32,43
"87",1101,"WJ022.00","9-Jun-92",15,30,43
"88",1135,"WJ018.00","31-Aug-09",20,20,42
"89",1172,"WJ018.90","21-Sep-16",23,32,36
"90",1181,"WJ017.50","28-Jun-10",20,28,36
"91",1188,"WJ018.00","16-May-11",10,27,35
"92",1189,"WJ017.80","14-Jul-10",23,30,35
"93",1196,"WJ018.00","18-Jul-17",20,32,33
"94",1203,"WJ017.80","5-Dec-07",-6,30,33
"95",1208,"WJ018.60","9-Mar-08",2,22,32
"96",1212,"WJ017.80","15-Dec-15",6,30,31
"97",1231,"WJ016.00","19-Jun-16",21,30,29
"98",1234,"WJ018.20","22-May-13",11,28,29
"99",1235,"WJ018.60","1-Aug-12",20,28,29
"100",1236,"WJ018.20","17-Oct-11",13,28,29
"101",1247,"WJ024.00","22-Aug-16",22,30,28
"102",1248,"WJ018.00","17-Oct-11",13,26,28
"103",1252,"WJ018.00","9-Mar-08",2,24,28
"104",1277,"WJ018.60","18-Jul-17",19,32,25
"105",1278,"WJ017.80","27-Sep-16",24,32,25
"106",1289,"WJ017.50","17-Nov-08",8,27,25
"107",1290,"WJ017.00","6-Jun-07",18,28,25
"108",1302,"WJ017.00","29-Dec-15",1,29,24
"109",1304,"WJ019.00","14-Apr-15",5,26,24
"110",1312,"WJ016.00","18-Apr-14",3,26,24
"111",1320,"WJ018.90","17-Oct-11",12,28,24
"112",1323,"WJ018.00","29-Jun-10",22,25,24
"113",1327,"WJ017.00","15-Jun-09",15,28,24
"114",1330,"WJ017.00","17-Nov-08",9,28,24
"115",1378,"WJ018.00","6-Aug-03",18,31,23
"117",1406,"WJ021.00","27-Jun-02",16,29,23
"118",1409,"WJ024.00","13-Jun-02",14,32,23
"119",1466,"WJ018.00","23-Aug-00",17,30,23
"122",1613,"WJ018.00","11-Dec-95",-1,29,23
"123",1647,"WJ016.00","28-Dec-94",2,32,23
"124",1653,"WJ018.00","25-Sep-94",15,31,23
"125",1660,"WJ016.00","26-Jul-94",22,31,23
"126",1675,"WJ024.00","22-May-94",11,32,23
"127",1688,"WJ017.00","27-Dec-93",-1,30,23
"128",1700,"WJ022.00","18-Aug-93",19,32,23
"129",1702,"WJ024.00","18-Aug-93",20,31,23
"130",1713,"WJ019.00","21-Mar-93",1,32,23
"131",1714,"WJ021.00","21-Mar-93",1,31,23
"134",1759,"WJ024.00","1-Oct-90",12,32,23
"135",1807,"WJ016.00","17-Nov-08",8,28,22
"136",1812,"WJ018.60","25-Jul-07",18,31,22
"137",1854,"WJ017.80","5-Jan-09",0,32,20
"138",1856,"WJ018.90","9-Mar-08",2,20,20
"139",1858,"WJ017.00","13-Nov-07",5,30,20
"140",1879,"WJ016.00","20-Nov-17",6,30,18
"141",1885,"WJ018.00","15-Dec-15",6,30,18
"142",1889,"WJ018.90","5-Aug-14",19,30,18
"143",1890,"WJ019.00","5-Aug-14",19,30,18
"144",1897,"WJ017.00","19-Feb-13",-1,30,18
"145",1911,"WJ018.20","21-Mar-11",3,27,18
"146",1914,"WJ018.00","14-Jul-10",22,30,18
"147",1949,"WJ018.60","22-May-13",11,28,16
"148",1961,"WJ016.00","4-Apr-11",4,28,16
"149",1963,"WJ018.00","9-Nov-10",10,30,16
"150",1968,"WJ018.00","14-Oct-09",10,30,16
"151",1970,"WJ018.00","5-Oct-09",14,29,16
"152",1973,"WJ017.50","9-Dec-08",0,30,16
"153",1976,"WJ019.00","9-Mar-08",1,25,16
"154",1984,"WJ017.80","17-May-17",20,26,15
"155",1985,"WJ018.00","22-Aug-16",25,30,15
"156",1993,"WJ018.20","6-Oct-14",13,32,15
"157",1996,"WJ019.00","22-May-13",12,28,15
"158",2000,"WJ019.00","17-Oct-11",12,28,15
"159",2003,"WJ018.60","31-Aug-09",20,28,15
"160",2005,"WJ018.00","3-Aug-09",21,27,15
"161",2007,"WJ024.00","17-Nov-08",6,28,15
"162",2015,"WJ024.00","10-May-06",10,30,15
"163",2029,"WJ016.00","22-Dec-03",0,30,15
"164",2043,"WJ018.00","2-Oct-02",16,30,15
"165",2055,"WJ024.00","12-Sep-01",16,31,15
"167",2097,"WJ018.00","7-Oct-96",10,32,15
"168",2116,"WJ018.00","30-Sep-94",14,28,15
"169",2137,"WJ019.00","5-Nov-92",10,33,15
"170",2138,"WJ021.00","5-Nov-92",11,32,15
"171",2141,"WJ019.00","20-Feb-92",0,32,15
"172",2143,"WJ017.00","28-Jan-92",0,32,15
"173",2145,"WJ018.00","1-Oct-90",13,33,15
"175",2164,"WJ017.50","19-Feb-13",-2,31,14
"176",2167,"WJ017.50","17-Oct-11",13,28,14
"177",2171,"WJ018.60","16-May-11",9,28,14
"178",2173,"WJ017.80","9-Nov-10",11,28,14
"179",2207,"WJ016.00","27-Sep-10",16,32,13
"180",2208,"WJ017.80","29-Jun-10",20,28,13
"181",2213,"WJ017.80","30-Jul-07",22,32,13
"182",2214,"WJ018.90","24-Jul-07",18,32,13
"183",2228,"WJ017.80","13-Sep-17",18,33,12
"184",2230,"WJ017.00","18-Jul-17",18,32,12
"185",2253,"WJ017.80","22-May-13",12,28,12
"186",2258,"WJ019.00","1-Aug-12",20,30,12
"187",2272,"WJ018.20","14-Oct-09",10,30,12
"188",2283,"WJ018.00","5-Dec-07",-7,30,12
"189",2284,"WJ017.50","13-Nov-07",8,31,12
"190",2287,"WJ017.80","19-Jul-07",17,30,12
"191",2319,"WJ018.90","16-May-11",9,28,11
"192",2320,"WJ018.20","9-Nov-10",10,30,11
"193",2322,"WJ018.60","14-Oct-09",10,31,11
"194",2329,"WJ017.80","9-Mar-08",2,30,11
"195",2330,"WJ018.20","28-Aug-07",22,32,11
"196",2372,"WJ019.00","6-Oct-14",12,32,10
"197",2385,"WJ024.00","22-May-13",11,30,10
"198",2391,"WJ017.80","19-Feb-13",-2,30,10
"199",2399,"WJ018.20","1-Aug-12",21,30,10
"200",2408,"WJ024.00","16-May-11",10,28,10
"201",2411,"WJ018.60","9-Nov-10",10,30,10
"202",2412,"WJ018.00","25-Aug-10",19,30,10
"203",2413,"WJ018.60","14-Jul-10",22,30,10
"204",2415,"WJ018.20","29-Jun-10",19,28,10
"205",2425,"WJ019.00","15-Jun-09",15,29,10
"206",2428,"WJ017.80","29-Jul-08",22,30,10
"207",2432,"WJ024.00","28-Aug-07",21,32,10
"208",2435,"WJ019.00","30-Jul-07",22,30,10
"209",2442,"WJ019.00","24-Oct-06",11,28,10
"210",2459,"WJ016.00","30-Aug-16",15,32,9.1
"211",2480,"WJ018.00","1-Aug-12",21,30,9.1
"212",2484,"WJ018.00","21-Mar-11",3,28,9.1
"213",2485,"WJ017.80","25-Aug-10",19,30,9.1
"214",2486,"WJ017.80","2-Nov-09",12,30,9.1
"215",2487,"WJ017.50","14-Oct-09",10,31,9.1
"216",2503,"WJ016.00","12-Jul-06",19,30,9.1
"217",2512,"WJ018.00","26-Apr-06",6,32,9.1
"218",2513,"WJ024.00","26-Apr-06",6,32,9.1
"219",2519,"WJ022.00","29-Nov-05",5,30,9.1
"220",2526,"WJ018.00","16-Aug-05",19,30,9.1
"221",2529,"WJ018.00","7-Jul-05",16,27,9.1
"222",2530,"WJ021.00","7-Jul-05",16,30,9.1
"223",2546,"WJ016.00","13-Oct-04",12,31,9.1
"224",2550,"WJ018.00","15-Sep-04",16,31,9.1
"225",2639,"WJ021.00","13-Jun-02",14,31,9.1
"226",2640,"WJ022.00","13-Jun-02",13,30,9.1
"227",2648,"WJ018.00","16-May-02",11,23,9.1
"228",2753,"WJ016.00","27-Oct-99",7,32,9.1
"229",2867,"WJ019.00","12-Dec-96",2,28,9.1
"230",2886,"WJ024.00","29-Sep-96",15,32,9.1
"231",2892,"WJ018.00","25-Aug-96",19,30,9.1
"232",2902,"WJ017.00","7-Jul-96",15,31,9.1
"233",2903,"WJ018.00","7-Jul-96",15,32,9.1
"234",2909,"WJ021.00","15-May-96",9,31,9.1
"235",2922,"WJ017.00","19-Dec-95",0,32,9.1
"236",2928,"WJ019.00","13-Nov-95",6,29,9.1
"237",2929,"WJ018.00","24-Oct-95",12,25,9.1
"238",2942,"WJ016.00","27-Aug-95",17,32,9.1
"239",2950,"WJ018.00","23-Jul-95",21,31,9.1
"240",2953,"WJ021.00","19-Jul-95",16,30,9.1
"241",2981,"WJ019.00","28-Dec-94",1,32,9.1
"242",2982,"WJ017.00","19-Dec-94",2,32,9.1
"243",2983,"WJ018.00","19-Dec-94",1,32,9.1
"244",2986,"WJ017.00","29-Nov-94",2,32,9.1
"245",3011,"WJ018.00","26-Jul-94",24,30,9.1
"246",3032,"WJ018.00","27-Dec-93",-1,11,9.1
"247",3048,"WJ016.00","18-Aug-93",19,31,9.1
"248",3049,"WJ018.00","18-Aug-93",21,31,9.1
"249",3051,"WJ021.00","18-Aug-93",19,31,9.1
"250",3067,"WJ018.00","20-Apr-93",7,2,9.1
"251",3100,"WJ017.00","11-Sep-92",20,31,9.1
"252",3101,"WJ018.00","11-Sep-92",21,31,9.1
"253",3102,"WJ021.00","11-Sep-92",18,31,9.1
"254",3109,"WJ021.00","13-Jul-92",18,32,9.1
"255",3117,"WJ016.00","25-Jun-92",15,31,9.1
"256",3120,"WJ021.00","12-Jun-92",18,30,9.1
"257",3128,"WJ016.00","28-May-92",12,31,9.1
"258",3194,"WJ018.60","10-Jul-18",19,33,8
"259",3209,"WJ018.00","13-Sep-17",18,32,8
"260",3210,"WJ024.00","13-Sep-17",16,32,8
"261",3240,"WJ016.00","3-Dec-14",1,28,8
"262",3243,"WJ016.00","4-Nov-14",5,30,8
"263",3264,"WJ017.50","22-May-13",12,28,8
"264",3275,"WJ017.80","2-May-12",9,28,8
"265",3282,"WJ017.00","16-May-11",9,28,8
"266",3297,"WJ018.20","2-Nov-09",11,32,8
"267",3301,"WJ019.00","5-Oct-09",14,30,8
"268",3303,"WJ018.60","14-Sep-09",16,31,8
"269",3312,"WJ019.00","29-Jul-08",20,30,8
"270",3314,"WJ018.20","9-Mar-08",1,22,8
"271",3318,"WJ017.80","10-Oct-07",12,32,8
"272",3335,"WJ019.00","14-May-18",12,28,7.3
"273",3339,"WJ019.00","8-Nov-16",13,32,7.3
"274",3354,"WJ018.20","9-Sep-14",15,30,7.3
"275",3369,"WJ016.00","4-Dec-12",3,32,7.3
"276",3373,"WJ018.60","2-May-12",10,30,7.3
"277",3379,"WJ017.80","14-Oct-09",11,31,7.3
"278",3383,"WJ017.80","9-Dec-08",0,30,7.3
"279",3386,"WJ016.00","13-Nov-07",6,30,7.3
"280",3394,"WJ018.00","25-Jul-05",20,30,7.3
"281",3415,"WJ021.00","27-Sep-00",9,30,7.3
"282",3454,"WJ024.00","24-Nov-96",2,31,7.3
"283",3467,"WJ019.00","17-Jan-95",0,30,7.3
"284",3470,"WJ021.00","28-Dec-94",0,32,7.3
"285",3487,"WJ017.00","5-Nov-92",12,32,7.3
"286",3491,"WJ018.00","3-Jul-92",21,31,7.3
"287",3492,"WJ019.00","3-Jul-92",18,31,7.3
"288",3530,"WJ017.50","19-Sep-18",16,30,6
"289",3531,"WJ018.60","19-Sep-18",17,30,6
"290",3556,"WJ017.50","13-Sep-17",16,34,6
"291",3561,"WJ019.00","18-Jul-17",19,32,6
"292",3574,"WJ016.00","5-Dec-16",4,32,6
"293",3581,"WJ017.00","21-Sep-16",21,32,6
"294",3582,"WJ019.00","21-Sep-16",22,32,6
"295",3586,"WJ017.00","2-Aug-16",27,30,6
"296",3643,"WJ018.00","28-Aug-13",23,30,6
"297",3645,"WJ018.20","16-Jul-13",22,28,6
"298",3648,"WJ018.00","22-May-13",11,30,6
"299",3660,"WJ018.20","10-Sep-12",18,30,6
"300",3671,"WJ017.50","1-Aug-12",22,30,6
"301",3680,"WJ018.00","2-May-12",10,30,6
"302",3687,"WJ016.00","17-Oct-11",14,28,6
"303",3688,"WJ017.80","17-Oct-11",14,28,6
"304",3689,"WJ024.00","17-Oct-11",12,28,6
"305",3696,"WJ017.80","6-Sep-11",18,30,6
"306",3705,"WJ019.00","16-May-11",9,28,6
"307",3709,"WJ018.60","21-Mar-11",3,22,6
"308",3710,"WJ016.00","4-Jan-11",1,30,6
"309",3711,"WJ016.00","1-Dec-10",5,30,6
"310",3719,"WJ018.20","14-Jul-10",22,30,6
"311",3731,"WJ017.80","5-Oct-09",15,30,6
"312",3732,"WJ018.20","5-Oct-09",14,30,6
"313",3741,"WJ018.60","3-Aug-09",20,28,6
"314",3744,"WJ016.00","6-Jul-09",17,26,6
"315",3751,"WJ018.00","29-Jul-08",22,29,6
"316",3753,"WJ016.00","11-Feb-08",-1,30,6
"317",3756,"WJ018.20","5-Dec-07",-6,30,6
"318",3770,"WJ017.50","8-Jul-07",15,30,6
"319",3776,"WJ018.00","10-Jun-07",13,28,6
"320",3777,"WJ017.50","6-Jun-07",20,28,6
"321",3778,"WJ017.80","1-May-07",10,26,6
"322",3779,"WJ018.90","1-May-07",7,26,6
"323",3792,"WJ019.00","10-Jul-18",18,33,5.5
"324",3815,"WJ017.00","5-Aug-14",19,30,5.5
"325",3817,"WJ019.00","6-May-14",7,28,5.5
"326",3834,"WJ017.50","25-Aug-10",19,32,5.5
"327",3835,"WJ018.90","25-Aug-10",20,30,5.5
"328",3837,"WJ018.60","2-Nov-09",11,32,5.5
"329",3838,"WJ017.80","3-Aug-09",20,28,5.5
"330",3849,"WJ018.60","1-May-07",8,26,5.5
"331",3875,"WJ024.00","5-Jun-18",11,30,4
"332",3878,"WJ018.20","14-May-18",12,29,4
"333",3879,"WJ018.00","25-Apr-18",10,30,4
"334",3881,"WJ016.00","24-Jan-18",0,34,4
"335",3889,"WJ016.00","6-Nov-17",12,31,4
"336",3893,"WJ016.00","24-Oct-17",13,32,4
"337",3899,"WJ017.80","30-Aug-17",17,32,4
"338",3900,"WJ018.00","30-Aug-17",18,32,4
"339",3901,"WJ018.90","30-Aug-17",16,32,4
"340",3906,"WJ018.20","18-Jul-17",19,32,4
"341",3907,"WJ024.00","18-Jul-17",17,32,4
"342",3971,"WJ018.60","29-Dec-15",0,30,4
"343",3974,"WJ019.00","2-Sep-15",15,30,4
"344",3982,"WJ016.00","3-Aug-15",13,30,4
"345",3989,"WJ016.00","10-Jun-15",17,30,4
"346",3994,"WJ018.00","14-Apr-15",5,24,4
"347",3995,"WJ018.20","14-Apr-15",6,26,4
"348",3996,"WJ018.60","14-Apr-15",6,20,4
"349",4020,"WJ017.00","6-Oct-14",12,32,4
"350",4021,"WJ017.80","6-Oct-14",12,32,4
"351",4025,"WJ017.80","9-Sep-14",15,30,4
"352",4056,"WJ016.00","4-Nov-13",7,30,4
"353",4061,"WJ018.60","28-Aug-13",24,30,4
"354",4067,"WJ018.60","16-Jul-13",21,28,4
"355",4082,"WJ018.00","19-Feb-13",-3,29,4
"356",4106,"WJ017.80","10-Sep-12",17,30,4
"357",4122,"WJ017.80","1-Aug-12",22,30,4
"358",4134,"WJ016.00","5-Mar-12",2,30,4
"359",4135,"WJ017.00","5-Mar-12",2,30,4
"360",4136,"WJ017.50","5-Mar-12",5,30,4
"361",4137,"WJ017.80","5-Mar-12",4,30,4
"362",4138,"WJ018.20","5-Mar-12",3,30,4
"363",4144,"WJ017.00","17-Oct-11",13,28,4
"364",4157,"WJ018.20","15-Aug-11",19,30,4
"365",4161,"WJ017.50","5-Jul-11",20,28,4
"366",4172,"WJ017.80","21-Mar-11",3,28,4
"367",4195,"WJ018.60","7-Jul-10",21,30,4
"368",4216,"WJ017.00","5-Oct-09",15,31,4
"369",4217,"WJ018.60","5-Oct-09",15,30,4
"370",4220,"WJ018.00","14-Sep-09",17,31,4
"371",4221,"WJ018.20","14-Sep-09",15,31,4
"372",4222,"WJ018.90","14-Sep-09",16,31,4
"373",4223,"WJ019.00","14-Sep-09",17,31,4
"374",4229,"WJ016.00","3-Aug-09",18,28,4
"375",4230,"WJ017.00","3-Aug-09",19,28,4
"376",4234,"WJ016.00","15-Jun-09",15,28,4
"377",4241,"WJ019.00","9-Dec-08",-2,30,4
"378",4260,"WJ017.80","13-Nov-07",5,30,4
"379",4261,"WJ018.20","13-Nov-07",5,30,4
"380",4263,"WJ017.00","30-Oct-07",10,30,4
"381",4265,"WJ019.00","10-Oct-07",10,32,4
"382",4268,"WJ018.20","11-Sep-07",14,32,4
"383",4270,"WJ017.50","28-Aug-07",19,32,4
"384",4276,"WJ018.00","30-Jul-07",24,30,4
"385",4278,"WJ018.20","24-Jul-07",18,30,4
"386",4338,"WJ017.00","5-Nov-12",10,32,3.6
"387",4349,"WJ017.50","5-Apr-10",10,26,3.6
"388",4359,"WJ017.80","11-Sep-07",15,30,3.6
"389",4360,"WJ018.00","11-Sep-07",15,31,3.6
"390",4362,"WJ018.60","28-Aug-07",23,32,3.6
"391",4389,"WJ018.00","10-May-06",10,28,3.6
"392",4407,"WJ019.00","29-Nov-05",5,28,3.6
"393",4433,"WJ016.00","16-Aug-05",19,30,3.6
"394",4442,"WJ016.00","25-Jul-05",22,30,3.6
"395",4447,"WJ016.00","7-Jul-05",16,28,3.6
"396",4448,"WJ024.00","7-Jul-05",16,27,3.6
"397",4489,"WJ018.00","13-Oct-04",12,30,3.6
"398",4497,"WJ019.00","15-Sep-04",16,31,3.6
"399",4573,"WJ018.00","8-Oct-03",12,30,3.6
"400",4579,"WJ018.00","10-Sep-03",15,32,3.6
"401",4591,"WJ016.00","6-Aug-03",17,31,3.6
"402",4601,"WJ024.00","23-Jul-03",19,30,3.6
"403",4609,"WJ016.00","25-Jun-03",19,30,3.6
"404",4610,"WJ018.00","25-Jun-03",19,31,3.6
"405",4611,"WJ019.00","25-Jun-03",19,31,3.6
"406",4676,"WJ018.00","27-Jun-02",19,30,3.6
"407",4700,"WJ022.00","16-May-02",10,29,3.6
"408",4754,"WJ018.00","12-Sep-01",15,31,3.6
"409",4755,"WJ019.00","12-Sep-01",15,31,3.6
"410",4787,"WJ019.00","28-Jun-01",20,30,3.6
"411",4853,"WJ019.00","23-Aug-00",14,30,3.6
"412",4866,"WJ018.00","26-Jul-00",26,29,3.6
"413",4867,"WJ024.00","26-Jul-00",22,29,3.6
"414",4873,"WJ024.00","12-Jul-00",21,31,3.6
"415",4879,"WJ016.00","28-Jun-00",21,30,3.6
"416",4880,"WJ019.00","28-Jun-00",23,30,3.6
"417",4928,"WJ021.00","27-Oct-99",7,31,3.6
"418",4946,"WJ024.00","16-Sep-99",15,30,3.6
"419",4957,"WJ019.00","12-Aug-99",16,32,3.6
"420",5227,"WJ018.00","9-Feb-97",-2,32,3.6
"421",5228,"WJ019.00","9-Feb-97",-2,32,3.6
"422",5239,"WJ018.00","5-Jan-97",-1,30,3.6
"423",5244,"WJ018.00","12-Dec-96",3,25,3.6
"424",5265,"WJ017.00","29-Oct-96",9,31,3.6
"425",5266,"WJ018.00","29-Oct-96",9,30,3.6
"426",5271,"WJ019.00","7-Oct-96",11,32,3.6
"427",5308,"WJ021.00","7-Jul-96",15,32,3.6
"428",5309,"WJ018.00","23-Jun-96",17,31,3.6
"429",5310,"WJ019.00","23-Jun-96",19,31,3.6
"430",5311,"WJ022.00","23-Jun-96",17,31,3.6
"431",5320,"WJ018.00","27-May-96",14,31,3.6
"432",5321,"WJ021.00","19-May-96",11,31,3.6
"433",5331,"WJ018.00","22-Apr-96",7,30,3.6
"434",5332,"WJ022.00","22-Apr-96",7,30,3.6
"435",5338,"WJ018.00","18-Mar-96",1,32,3.6
"436",5339,"WJ019.00","27-Feb-96",0,10,3.6
"437",5340,"WJ018.00","12-Feb-96",0,10,3.6
"438",5342,"WJ018.00","31-Jan-96",0,5,3.6
"439",5343,"WJ019.00","31-Jan-96",-3,25,3.6
"440",5348,"WJ019.00","11-Dec-95",-2,34,3.6
"441",5383,"WJ018.00","27-Aug-95",18,32,3.6
"442",5384,"WJ019.00","27-Aug-95",17,32,3.6
"443",5401,"WJ016.00","19-Jul-95",15,30,3.6
"444",5417,"WJ016.00","18-Jun-95",16,31,3.6
"445",5418,"WJ021.00","18-Jun-95",17,31,3.6
"446",5455,"WJ019.00","29-Nov-94",2,31,3.6
"447",5474,"WJ018.00","19-Sep-94",15,32,3.6
"448",5486,"WJ019.00","19-Aug-94",18,31,3.6
"449",5488,"WJ016.00","16-Aug-94",16,32,3.6
"450",5489,"WJ017.00","16-Aug-94",17,32,3.6
"451",5506,"WJ017.00","26-Jul-94",22,32,3.6
"452",5507,"WJ019.00","26-Jul-94",21,31,3.6
"453",5534,"WJ016.00","27-Jun-94",18,32,3.6
"454",5547,"WJ018.00","3-Jun-94",18,28,3.6
"455",5551,"WJ016.00","22-May-94",11,31,3.6
"456",5552,"WJ018.00","22-May-94",11,31,3.6
"457",5583,"WJ024.00","28-Mar-94",2,31,3.6
"458",5613,"WJ018.00","21-Nov-93",6,31,3.6
"459",5614,"WJ024.00","21-Nov-93",6,32,3.6
"460",5625,"WJ019.00","3-Oct-93",13,31,3.6
"461",5658,"WJ017.00","18-Aug-93",20,31,3.6
"462",5659,"WJ019.00","18-Aug-93",19,31,3.6
"463",5694,"WJ018.00","16-Jun-93",24,31,3.6
"464",5737,"WJ017.00","21-Mar-93",2,26,3.6
"465",5738,"WJ018.00","21-Mar-93",2,24,3.6
"466",5769,"WJ016.00","30-Sep-92",15,32,3.6
"467",5790,"WJ016.00","11-Sep-92",19,30,3.6
"468",5791,"WJ019.00","11-Sep-92",21,31,3.6
"469",5800,"WJ016.00","7-Aug-92",17,29,3.6
"470",5801,"WJ021.00","7-Aug-92",19,30,3.6
"471",5804,"WJ017.00","13-Jul-92",19,32,3.6
"472",5805,"WJ019.00","13-Jul-92",19,32,3.6
"473",5835,"WJ018.00","9-Jun-92",16,30,3.6
"474",5843,"WJ018.00","5-Jun-92",14,31,3.6
"475",5844,"WJ019.00","5-Jun-92",14,31,3.6
"476",5845,"WJ021.00","5-Jun-92",14,31,3.6
"477",5857,"WJ019.00","15-May-92",11,29,3.6
"478",5858,"WJ019.00","4-May-92",10,30,3.6
"479",5873,"WJ016.00","28-Jan-92",0,32,3.6
"480",5884,"WJ016.00","29-Aug-91",20,31,3.6
"481",5887,"WJ021.00","1-Aug-91",23,33,3.6
"482",5896,"WJ017.00","15-Jul-91",18,32,3.6
"483",5969,"WJ019.00","25-Apr-90",10,35,3.6
"484",6000,"WJ021.00","22-Aug-02",16,32,3
"485",6015,"WJ018.00","27-Oct-99",7,31,3
"486",6039,"WJ016.00","14-May-95",9,31,3
"487",6041,"WJ019.00","20-Mar-95",4,30,3
"488",6054,"WJ024.00","20-Apr-93",9,26,3
"489",6099,"WJ016.00","2-Aug-06",24,29,2.9
"490",6100,"WJ024.00","2-Aug-06",27,29,2.9
"491",6162,"WJ016.00","10-May-06",10,30,2.9
"492",6163,"WJ019.00","10-May-06",10,30,2.9
"493",6177,"WJ016.00","26-Apr-06",6,32,2.9
"494",6216,"WJ018.00","28-Mar-06",5,31,2.9
"495",6217,"WJ019.00","28-Mar-06",5,28,2.9
"496",6218,"WJ024.00","28-Mar-06",6,32,2.9
"497",6225,"WJ016.00","8-Mar-06",4,32,2.9
"498",6265,"WJ021.00","29-Nov-05",5,30,2.9
"499",6266,"WJ024.00","29-Nov-05",5,30,2.9
"500",6297,"WJ016.00","3-Oct-05",14,30,2.9
"501",6298,"WJ018.00","3-Oct-05",15,31,2.9
"502",6299,"WJ019.00","3-Oct-05",15,30,2.9
"503",6300,"WJ021.00","3-Oct-05",15,30,2.9
"504",6301,"WJ022.00","3-Oct-05",14,30,2.9
"505",6303,"WJ024.00","3-Oct-05",15,30,2.9
"506",6325,"WJ018.00","13-Sep-05",19,31,2.9
"507",6326,"WJ019.00","13-Sep-05",18,30,2.9
"508",6327,"WJ024.00","13-Sep-05",16,30,2.9
"509",6332,"WJ016.00","12-Sep-05",17,30,2.9
"510",6333,"WJ021.00","12-Sep-05",17,30,2.9
"511",6334,"WJ022.00","12-Sep-05",16,30,2.9
"512",6347,"WJ019.00","16-Aug-05",18,30,2.9
"513",6348,"WJ021.00","16-Aug-05",19,30,2.9
"514",6349,"WJ022.00","16-Aug-05",19,30,2.9
"515",6378,"WJ019.00","25-Jul-05",18,30,2.9
"516",6379,"WJ021.00","25-Jul-05",18,30,2.9
"517",6380,"WJ022.00","25-Jul-05",22,30,2.9
"518",6382,"WJ024.00","25-Jul-05",22,29,2.9
"519",6401,"WJ019.00","7-Jul-05",16,29,2.9
"520",6402,"WJ022.00","7-Jul-05",16,30,2.9
"521",6538,"WJ019.00","13-Oct-04",14,30,2.9
"522",6539,"WJ021.00","13-Oct-04",12,30,2.9
"523",6540,"WJ022.00","13-Oct-04",12,30,2.9
"524",6554,"WJ016.00","15-Sep-04",16,31,2.9
"525",6555,"WJ021.00","15-Sep-04",16,31,2.9
"526",6556,"WJ022.00","15-Sep-04",16,30,2.9
"527",6558,"WJ024.00","15-Sep-04",16,31,2.9
"528",6601,"WJ016.00","27-Jul-04",16,32,2.9
"529",6602,"WJ018.00","27-Jul-04",16,32,2.9
"530",6603,"WJ019.00","27-Jul-04",16,32,2.9
"531",6604,"WJ021.00","27-Jul-04",16,32,2.9
"532",6605,"WJ022.00","27-Jul-04",16,31,2.9
"533",6607,"WJ024.00","27-Jul-04",16,32,2.9
"534",6640,"WJ016.00","16-Jun-04",16,30,2.9
"535",6641,"WJ018.00","16-Jun-04",18,30,2.9
"536",6642,"WJ019.00","16-Jun-04",16,30,2.9
"537",6643,"WJ021.00","16-Jun-04",15,31,2.9
"538",6644,"WJ022.00","16-Jun-04",14,20,2.9
"539",6646,"WJ024.00","16-Jun-04",15,30,2.9
"540",6677,"WJ016.00","12-May-04",10,30,2.9
"541",6678,"WJ018.00","12-May-04",11,30,2.9
"542",6679,"WJ019.00","12-May-04",11,30,2.9
"543",6680,"WJ021.00","12-May-04",11,31,2.9
"544",6681,"WJ022.00","12-May-04",10,30,2.9
"545",6683,"WJ024.00","12-May-04",10,31,2.9
"546",6821,"WJ019.00","8-Oct-03",12,31,2.9
"547",6822,"WJ021.00","8-Oct-03",12,31,2.9
"548",6823,"WJ022.00","8-Oct-03",12,31,2.9
"549",6825,"WJ024.00","8-Oct-03",12,30,2.9
"550",6832,"WJ016.00","10-Sep-03",14,32,2.9
"551",6833,"WJ019.00","10-Sep-03",15,32,2.9
"552",6834,"WJ021.00","10-Sep-03",15,32,2.9
"553",6835,"WJ022.00","10-Sep-03",14,32,2.9
"554",6837,"WJ024.00","10-Sep-03",15,32,2.9
"555",6870,"WJ022.00","20-Aug-03",19,31,2.9
"556",6894,"WJ022.00","30-Jul-03",17,30,2.9
"557",6898,"WJ016.00","23-Jul-03",19,30,2.9
"558",6899,"WJ019.00","23-Jul-03",19,31,2.9
"559",6900,"WJ021.00","23-Jul-03",19,31,2.9
"560",6912,"WJ021.00","25-Jun-03",19,31,2.9
"561",6913,"WJ022.00","25-Jun-03",17,31,2.9
"562",6915,"WJ024.00","25-Jun-03",18,31,2.9
"563",6956,"WJ016.00","14-May-03",9,31,2.9
"564",6957,"WJ018.00","14-May-03",9,30,2.9
"565",6958,"WJ019.00","14-May-03",9,31,2.9
"566",6959,"WJ021.00","14-May-03",9,30,2.9
"567",6960,"WJ022.00","14-May-03",9,30,2.9
"568",6961,"WJ024.00","14-May-03",9,30,2.9
"569",7060,"WJ021.00","20-Nov-02",4,29,2.9
"570",7120,"WJ016.00","2-Oct-02",15,30,2.9
"571",7121,"WJ019.00","2-Oct-02",16,30,2.9
"572",7122,"WJ021.00","2-Oct-02",16,30,2.9
"573",7123,"WJ022.00","2-Oct-02",15,30,2.9
"574",7125,"WJ024.00","2-Oct-02",16,30,2.9
"575",7194,"WJ016.00","22-Aug-02",17,32,2.9
"576",7195,"WJ018.00","22-Aug-02",17,31,2.9
"577",7196,"WJ019.00","22-Aug-02",18,32,2.9
"578",7197,"WJ022.00","22-Aug-02",16,32,2.9
"579",7199,"WJ024.00","22-Aug-02",18,32,2.9
"580",7214,"WJ016.00","27-Jun-02",17,31,2.9
"581",7215,"WJ019.00","27-Jun-02",17,29,2.9
"582",7216,"WJ022.00","27-Jun-02",15,29,2.9
"583",7218,"WJ024.00","27-Jun-02",16,30,2.9
"584",7225,"WJ019.00","13-Jun-02",14,21,2.9
"585",7255,"WJ016.00","16-May-02",10,30,2.9
"586",7256,"WJ019.00","16-May-02",10,28,2.9
"587",7257,"WJ021.00","16-May-02",10,29,2.9
"588",7258,"WJ024.00","16-May-02",10,29,2.9
"589",7409,"WJ016.00","2-Oct-01",14,31,2.9
"590",7410,"WJ018.00","2-Oct-01",14,31,2.9
"591",7411,"WJ019.00","2-Oct-01",14,31,2.9
"592",7412,"WJ021.00","2-Oct-01",14,31,2.9
"593",7413,"WJ022.00","2-Oct-01",14,31,2.9
"594",7415,"WJ024.00","2-Oct-01",14,30,2.9
"595",7433,"WJ016.00","12-Sep-01",15,32,2.9
"596",7434,"WJ021.00","12-Sep-01",16,31,2.9
"597",7435,"WJ022.00","12-Sep-01",15,31,2.9
"598",7470,"WJ016.00","31-Jul-01",16,31,2.9
"599",7471,"WJ018.00","31-Jul-01",20,31,2.9
"600",7472,"WJ019.00","31-Jul-01",18,31,2.9
"601",7473,"WJ021.00","31-Jul-01",17,31,2.9
"602",7474,"WJ022.00","31-Jul-01",16,31,2.9
"603",7476,"WJ024.00","31-Jul-01",19,31,2.9
"604",7495,"WJ016.00","28-Jun-01",16,30,2.9
"605",7496,"WJ018.00","28-Jun-01",20,30,2.9
"606",7497,"WJ021.00","28-Jun-01",20,30,2.9
"607",7498,"WJ022.00","28-Jun-01",17,30,2.9
"608",7500,"WJ024.00","28-Jun-01",20,30,2.9
"609",7517,"WJ016.00","22-May-01",12,31,2.9
"610",7518,"WJ018.00","22-May-01",13,31,2.9
"611",7519,"WJ019.00","22-May-01",13,31,2.9
"612",7520,"WJ021.00","22-May-01",12,31,2.9
"613",7521,"WJ022.00","22-May-01",12,31,2.9
"614",7523,"WJ024.00","22-May-01",12,31,2.9
"615",7559,"WJ016.00","24-Apr-01",10,30,2.9
"616",7560,"WJ018.00","24-Apr-01",10,29,2.9
"617",7561,"WJ019.00","24-Apr-01",10,27,2.9
"618",7562,"WJ021.00","24-Apr-01",9,29,2.9
"619",7563,"WJ022.00","24-Apr-01",9,31,2.9
"620",7565,"WJ024.00","24-Apr-01",10,27,2.9
"621",7726,"WJ016.00","25-Oct-00",6,30,2.9
"622",7727,"WJ018.00","25-Oct-00",6,31,2.9
"623",7728,"WJ019.00","25-Oct-00",6,30,2.9
"624",7729,"WJ021.00","25-Oct-00",6,30,2.9
"625",7730,"WJ022.00","25-Oct-00",6,30,2.9
"626",7732,"WJ024.00","25-Oct-00",7,30,2.9
"627",7784,"WJ016.00","27-Sep-00",10,30,2.9
"628",7785,"WJ018.00","27-Sep-00",10,30,2.9
"629",7786,"WJ019.00","27-Sep-00",10,30,2.9
"630",7787,"WJ022.00","27-Sep-00",12,30,2.9
"631",7789,"WJ024.00","27-Sep-00",11,30,2.9
"632",7833,"WJ016.00","23-Aug-00",13,30,2.9
"633",7834,"WJ021.00","23-Aug-00",15,30,2.9
"634",7835,"WJ022.00","23-Aug-00",16,30,2.9
"635",7836,"WJ024.00","23-Aug-00",13,30,2.9
"636",7853,"WJ016.00","26-Jul-00",22,29,2.9
"637",7854,"WJ019.00","26-Jul-00",24,29,2.9
"638",7855,"WJ021.00","26-Jul-00",22,29,2.9
"639",7856,"WJ022.00","26-Jul-00",23,29,2.9
"640",7870,"WJ021.00","12-Jul-00",22,31,2.9
"641",7879,"WJ018.00","28-Jun-00",24,30,2.9
"642",7880,"WJ022.00","28-Jun-00",23,30,2.9
"643",7924,"WJ016.00","17-May-00",8,30,2.9
"644",7925,"WJ018.00","17-May-00",9,30,2.9
"645",7926,"WJ019.00","17-May-00",9,30,2.9
"646",7927,"WJ021.00","17-May-00",8,30,2.9
"647",7928,"WJ022.00","17-May-00",10,30,2.9
"648",7930,"WJ024.00","17-May-00",9,30,2.9
"649",8081,"WJ019.00","27-Oct-99",7,31,2.9
"650",8082,"WJ022.00","27-Oct-99",5,31,2.9
"651",8084,"WJ024.00","27-Oct-99",5,30,2.9
"652",8137,"WJ016.00","16-Sep-99",14,32,2.9
"653",8138,"WJ018.00","16-Sep-99",18,31,2.9
"654",8139,"WJ019.00","16-Sep-99",16,32,2.9
"655",8140,"WJ021.00","16-Sep-99",16,31,2.9
"656",8141,"WJ022.00","16-Sep-99",16,30,2.9
"657",8192,"WJ016.00","12-Aug-99",15,32,2.9
"658",8193,"WJ018.00","12-Aug-99",16,32,2.9
"659",8194,"WJ021.00","12-Aug-99",15,32,2.9
"660",8195,"WJ022.00","12-Aug-99",15,32,2.9
"661",8197,"WJ024.00","12-Aug-99",16,32,2.9
"662",8213,"WJ016.00","15-Jul-99",19,32,2.9
"663",8214,"WJ018.00","15-Jul-99",22,31,2.9
"664",8215,"WJ019.00","15-Jul-99",18,31,2.9
"665",8216,"WJ021.00","15-Jul-99",21,31,2.9
"666",8217,"WJ022.00","15-Jul-99",17,32,2.9
"667",8219,"WJ024.00","15-Jul-99",21,32,2.9
"668",9041,"WJ018.00","6-Apr-97",4,30,2.9
"669",9042,"WJ019.00","6-Apr-97",6,31,2.9
"670",9054,"WJ018.00","23-Mar-97",2,34,2.9
"671",9055,"WJ019.00","23-Mar-97",0,34,2.9
"672",9086,"WJ019.00","5-Jan-97",-1,30,2.9
"673",9089,"WJ018.00","16-Dec-96",4,30,2.9
"674",9090,"WJ019.00","16-Dec-96",4,30,2.9
"675",9099,"WJ018.00","24-Nov-96",2,31,2.9
"676",9100,"WJ019.00","24-Nov-96",1,31,2.9
"677",9115,"WJ024.00","4-Nov-96",8,30,2.9
"678",9127,"WJ016.00","29-Oct-96",9,30,2.9
"679",9128,"WJ019.00","29-Oct-96",9,30,2.9
"680",9130,"WJ021.00","29-Oct-96",9,31,2.9
"681",9152,"WJ016.00","24-Sep-96",13,31,2.9
"682",9153,"WJ017.00","24-Sep-96",14,31,2.9
"683",9154,"WJ019.00","24-Sep-96",14,32,2.9
"684",9156,"WJ021.00","24-Sep-96",15,32,2.9
"685",9157,"WJ022.00","24-Sep-96",14,31,2.9
"686",9173,"WJ016.00","25-Aug-96",17,31,2.9
"687",9174,"WJ017.00","25-Aug-96",18,31,2.9
"688",9175,"WJ019.00","25-Aug-96",18,31,2.9
"689",9177,"WJ021.00","25-Aug-96",18,32,2.9
"690",9178,"WJ022.00","25-Aug-96",18,31,2.9
"691",9200,"WJ024.00","11-Aug-96",16,31,2.9
"692",9219,"WJ016.00","7-Jul-96",15,30,2.9
"693",9220,"WJ019.00","7-Jul-96",15,32,2.9
"694",9222,"WJ022.00","7-Jul-96",15,32,2.9
"695",9226,"WJ016.00","23-Jun-96",16,31,2.9
"696",9227,"WJ017.00","23-Jun-96",17,31,2.9
"697",9228,"WJ021.00","23-Jun-96",18,31,2.9
"698",9259,"WJ024.00","2-Jun-96",15,30,2.9
"699",9263,"WJ017.00","27-May-96",14,31,2.9
"700",9264,"WJ016.00","19-May-96",11,31,2.9
"701",9265,"WJ017.00","19-May-96",11,31,2.9
"702",9266,"WJ019.00","19-May-96",11,31,2.9
"703",9268,"WJ022.00","19-May-96",11,31,2.9
"704",9272,"WJ016.00","15-May-96",10,32,2.9
"705",9273,"WJ017.00","15-May-96",10,31,2.9
"706",9274,"WJ018.00","15-May-96",10,27,2.9
"707",9275,"WJ019.00","15-May-96",9,31,2.9
"708",9304,"WJ024.00","28-Apr-96",9,30,2.9
"709",9309,"WJ016.00","22-Apr-96",7,30,2.9
"710",9310,"WJ017.00","22-Apr-96",7,30,2.9
"711",9311,"WJ019.00","22-Apr-96",8,30,2.9
"712",9313,"WJ021.00","22-Apr-96",7,30,2.9
"713",9318,"WJ018.00","24-Mar-96",5,31,2.9
"714",9319,"WJ019.00","24-Mar-96",4,31,2.9
"715",9325,"WJ019.00","18-Mar-96",0,32,2.9
"716",9326,"WJ018.00","27-Feb-96",1,32,2.9
"717",9327,"WJ019.00","12-Feb-96",0,25,2.9
"718",9332,"WJ019.00","23-Jan-96",-1,25,2.9
"719",9340,"WJ021.00","19-Dec-95",-1,32,2.9
"720",9341,"WJ024.00","19-Dec-95",-1,33,2.9
"721",9359,"WJ019.00","24-Oct-95",11,31,2.9
"722",9372,"WJ018.00","9-Oct-95",13,31,2.9
"723",9373,"WJ019.00","9-Oct-95",12,31,2.9
"724",9397,"WJ017.00","27-Aug-95",17,32,2.9
"725",9398,"WJ021.00","27-Aug-95",16,32,2.9
"726",9399,"WJ022.00","27-Aug-95",16,32,2.9
"727",9401,"WJ024.00","27-Aug-95",16,32,2.9
"728",9444,"WJ017.00","19-Jul-95",16,30,2.9
"729",9445,"WJ019.00","19-Jul-95",16,30,2.9
"730",9446,"WJ022.00","19-Jul-95",15,30,2.9
"731",9448,"WJ024.00","19-Jul-95",16,30,2.9
"732",9472,"WJ017.00","18-Jun-95",20,31,2.9
"733",9473,"WJ018.00","18-Jun-95",26,31,2.9
"734",9474,"WJ019.00","18-Jun-95",18,31,2.9
"735",9476,"WJ022.00","18-Jun-95",17,31,2.9
"736",9498,"WJ017.00","14-May-95",10,31,2.9
"737",9499,"WJ018.00","14-May-95",10,31,2.9
"738",9500,"WJ019.00","14-May-95",9,33,2.9
"739",9502,"WJ021.00","14-May-95",9,33,2.9
"740",9503,"WJ022.00","14-May-95",9,33,2.9
"741",9505,"WJ024.00","14-May-95",11,33,2.9
"742",9565,"WJ016.00","26-Apr-95",7,31,2.9
"743",9566,"WJ017.00","26-Apr-95",8,31,2.9
"744",9567,"WJ018.00","26-Apr-95",8,31,2.9
"745",9568,"WJ019.00","26-Apr-95",7,31,2.9
"746",9570,"WJ021.00","26-Apr-95",8,31,2.9
"747",9571,"WJ022.00","26-Apr-95",7,31,2.9
"748",9572,"WJ024.00","26-Apr-95",7,32,2.9
"749",9612,"WJ018.00","20-Mar-95",4,29,2.9
"750",9625,"WJ018.00","21-Feb-95",0,31,2.9
"751",9626,"WJ019.00","21-Feb-95",-1,31,2.9
"752",9637,"WJ024.00","28-Dec-94",1,32,2.9
"753",9639,"WJ016.00","19-Dec-94",2,32,2.9
"754",9640,"WJ019.00","19-Dec-94",-1,32,2.9
"755",9642,"WJ021.00","19-Dec-94",0,32,2.9
"756",9643,"WJ024.00","19-Dec-94",1,32,2.9
"757",9651,"WJ016.00","29-Nov-94",3,32,2.9
"758",9683,"WJ016.00","17-Oct-94",11,32,2.9
"759",9684,"WJ017.00","17-Oct-94",11,32,2.9
"760",9685,"WJ018.00","17-Oct-94",9,32,2.9
"761",9686,"WJ019.00","17-Oct-94",10,31,2.9
"762",9688,"WJ021.00","17-Oct-94",10,31,2.9
"763",9689,"WJ022.00","17-Oct-94",10,32,2.9
"764",9691,"WJ024.00","17-Oct-94",10,31,2.9
"765",9704,"WJ018.00","2-Oct-94",13,32,2.9
"766",9705,"WJ019.00","2-Oct-94",12,32,2.9
"767",9708,"WJ019.00","25-Sep-94",15,32,2.9
"768",9709,"WJ016.00","19-Sep-94",15,32,2.9
"769",9710,"WJ017.00","19-Sep-94",15,32,2.9
"770",9711,"WJ019.00","19-Sep-94",15,33,2.9
"771",9713,"WJ021.00","19-Sep-94",15,33,2.9
"772",9714,"WJ022.00","19-Sep-94",15,33,2.9
"773",9716,"WJ024.00","19-Sep-94",15,33,2.9
"774",9736,"WJ018.00","16-Aug-94",18,32,2.9
"775",9737,"WJ021.00","16-Aug-94",17,32,2.9
"776",9738,"WJ022.00","16-Aug-94",16,32,2.9
"777",9740,"WJ024.00","16-Aug-94",16,32,2.9
"778",9788,"WJ021.00","26-Jul-94",21,31,2.9
"779",9789,"WJ022.00","26-Jul-94",20,31,2.9
"780",9790,"WJ024.00","26-Jul-94",23,31,2.9
"781",9821,"WJ017.00","27-Jun-94",18,32,2.9
"782",9822,"WJ018.00","27-Jun-94",23,32,2.9
"783",9823,"WJ019.00","27-Jun-94",17,32,2.9
"784",9824,"WJ021.00","27-Jun-94",18,32,2.9
"785",9825,"WJ022.00","27-Jun-94",17,32,2.9
"786",9826,"WJ024.00","27-Jun-94",19,31,2.9
"787",9875,"WJ017.00","22-May-94",11,31,2.9
"788",9876,"WJ019.00","22-May-94",11,31,2.9
"789",9877,"WJ021.00","22-May-94",12,31,2.9
"790",9878,"WJ022.00","22-May-94",11,31,2.9
"791",9918,"WJ016.00","25-Apr-94",12,31,2.9
"792",9919,"WJ017.00","25-Apr-94",12,31,2.9
"793",9920,"WJ018.00","25-Apr-94",13,31,2.9
"794",9921,"WJ019.00","25-Apr-94",14,32,2.9
"795",9922,"WJ021.00","25-Apr-94",13,32,2.9
"796",9923,"WJ022.00","25-Apr-94",12,32,2.9
"797",9924,"WJ024.00","25-Apr-94",14,32,2.9
"798",9975,"WJ016.00","28-Mar-94",4,31,2.9
"799",9976,"WJ017.00","28-Mar-94",3,31,2.9
"800",9977,"WJ018.00","28-Mar-94",2,30,2.9
"801",9978,"WJ019.00","28-Mar-94",2,31,2.9
"802",9980,"WJ021.00","28-Mar-94",2,31,2.9
"803",10011,"WJ019.00","27-Dec-93",-2,30,2.9
"804",10012,"WJ021.00","27-Dec-93",-2,31,2.9
"805",10013,"WJ024.00","27-Dec-93",-2,31,2.9
"806",10030,"WJ016.00","21-Nov-93",5,32,2.9
"807",10031,"WJ017.00","21-Nov-93",5,32,2.9
"808",10032,"WJ019.00","21-Nov-93",4,32,2.9
"809",10034,"WJ021.00","21-Nov-93",4,32,2.9
"810",10059,"WJ016.00","26-Oct-93",12,33,2.9
"811",10060,"WJ017.00","26-Oct-93",12,33,2.9
"812",10061,"WJ018.00","26-Oct-93",11,32,2.9
"813",10062,"WJ019.00","26-Oct-93",11,32,2.9
"814",10063,"WJ021.00","26-Oct-93",12,33,2.9
"815",10064,"WJ022.00","26-Oct-93",11,32,2.9
"816",10066,"WJ024.00","26-Oct-93",12,32,2.9
"817",10118,"WJ016.00","3-Oct-93",13,31,2.9
"818",10119,"WJ017.00","3-Oct-93",13,31,2.9
"819",10120,"WJ018.00","3-Oct-93",13,31,2.9
"820",10122,"WJ021.00","3-Oct-93",13,31,2.9
"821",10123,"WJ022.00","3-Oct-93",13,31,2.9
"822",10125,"WJ024.00","3-Oct-93",12,32,2.9
"823",10162,"WJ024.00","30-Aug-93",20,30,2.9
"824",10252,"WJ016.00","5-Jul-93",16,31,2.9
"825",10253,"WJ017.00","5-Jul-93",16,30,2.9
"826",10254,"WJ018.00","5-Jul-93",18,31,2.9
"827",10255,"WJ019.00","5-Jul-93",18,31,2.9
"828",10257,"WJ021.00","5-Jul-93",18,30,2.9
"829",10258,"WJ022.00","5-Jul-93",17,32,2.9
"830",10260,"WJ024.00","5-Jul-93",17,31,2.9
"831",10300,"WJ016.00","16-Jun-93",18,31,2.9
"832",10301,"WJ017.00","16-Jun-93",20,30,2.9
"833",10302,"WJ019.00","16-Jun-93",21,30,2.9
"834",10304,"WJ021.00","16-Jun-93",21,31,2.9
"835",10305,"WJ022.00","16-Jun-93",20,31,2.9
"836",10307,"WJ024.00","16-Jun-93",20,30,2.9
"837",10362,"WJ016.00","17-May-93",11,29,2.9
"838",10363,"WJ017.00","17-May-93",11,29,2.9
"839",10364,"WJ018.00","17-May-93",14,29,2.9
"840",10365,"WJ019.00","17-May-93",13,29,2.9
"841",10367,"WJ021.00","17-May-93",12,30,2.9
"842",10368,"WJ022.00","17-May-93",11,30,2.9
"843",10370,"WJ024.00","17-May-93",11,30,2.9
"844",10413,"WJ016.00","20-Apr-93",7,20,2.9
"845",10414,"WJ017.00","20-Apr-93",7,24,2.9
"846",10415,"WJ019.00","20-Apr-93",9,22,2.9
"847",10417,"WJ021.00","20-Apr-93",8,23,2.9
"848",10484,"WJ016.00","21-Mar-93",2,31,2.9
"849",10485,"WJ024.00","21-Mar-93",-1,32,2.9
"850",10519,"WJ016.00","9-Feb-93",-2,32,2.9
"851",10520,"WJ017.00","9-Feb-93",-1,32,2.9
"852",10521,"WJ018.00","9-Feb-93",-1,32,2.9
"853",10522,"WJ019.00","9-Feb-93",-2,32,2.9
"854",10524,"WJ021.00","9-Feb-93",-1,32,2.9
"855",10525,"WJ024.00","9-Feb-93",-2,32,2.9
"856",10551,"WJ016.00","12-Jan-93",0,32,2.9
"857",10552,"WJ017.00","12-Jan-93",-1,32,2.9
"858",10553,"WJ018.00","12-Jan-93",-2,32,2.9
"859",10554,"WJ019.00","12-Jan-93",-2,32,2.9
"860",10556,"WJ021.00","12-Jan-93",-2,32,2.9
"861",10562,"WJ016.00","9-Dec-92",-1,32,2.9
"862",10563,"WJ017.00","9-Dec-92",0,31,2.9
"863",10564,"WJ018.00","9-Dec-92",-2,31,2.9
"864",10565,"WJ019.00","9-Dec-92",-2,32,2.9
"865",10567,"WJ021.00","9-Dec-92",-1,32,2.9
"866",10613,"WJ016.00","5-Nov-92",11,32,2.9
"867",10645,"WJ017.00","30-Sep-92",14,31,2.9
"868",10646,"WJ018.00","30-Sep-92",13,33,2.9
"869",10647,"WJ019.00","30-Sep-92",14,33,2.9
"870",10648,"WJ021.00","30-Sep-92",14,32,2.9
"871",10682,"WJ016.00","2-Sep-92",17,31,2.9
"872",10683,"WJ017.00","2-Sep-92",17,31,2.9
"873",10684,"WJ018.00","2-Sep-92",20,31,2.9
"874",10685,"WJ019.00","2-Sep-92",19,31,2.9
"875",10687,"WJ021.00","2-Sep-92",19,31,2.9
"876",10694,"WJ017.00","7-Aug-92",18,30,2.9
"877",10695,"WJ019.00","7-Aug-92",21,30,2.9
"878",10697,"WJ018.00","28-Jul-92",20,31,2.9
"879",10699,"WJ018.00","13-Jul-92",20,31,2.9
"880",10701,"WJ024.00","13-Jul-92",19,32,2.9
"881",10713,"WJ016.00","3-Jul-92",18,31,2.9
"882",10714,"WJ017.00","3-Jul-92",19,31,2.9
"883",10716,"WJ021.00","3-Jul-92",18,31,2.9
"884",10733,"WJ016.00","12-Jun-92",17,30,2.9
"885",10734,"WJ017.00","12-Jun-92",18,30,2.9
"886",10735,"WJ018.00","12-Jun-92",21,29,2.9
"887",10736,"WJ019.00","12-Jun-92",21,31,2.9
"888",10760,"WJ017.00","9-Jun-92",15,30,2.9
"889",10761,"WJ024.00","9-Jun-92",14,31,2.9
"890",10780,"WJ016.00","5-Jun-92",14,30,2.9
"891",10781,"WJ017.00","5-Jun-92",14,31,2.9
"892",10793,"WJ022.00","28-May-92",12,31,2.9
"893",10817,"WJ016.00","21-May-92",14,31,2.9
"894",10843,"WJ016.00","15-May-92",12,29,2.9
"895",10844,"WJ018.00","15-May-92",11,28,2.9
"896",10846,"WJ021.00","15-May-92",12,29,2.9
"897",10851,"WJ017.00","4-May-92",10,30,2.9
"898",10852,"WJ018.00","4-May-92",10,29,2.9
"899",10857,"WJ024.00","4-May-92",11,31,2.9
"900",10902,"WJ016.00","20-Feb-92",0,31,2.9
"901",10903,"WJ017.00","20-Feb-92",0,31,2.9
"902",10904,"WJ018.00","20-Feb-92",0,32,2.9
"903",10905,"WJ021.00","20-Feb-92",0,32,2.9
"904",10912,"WJ018.00","28-Jan-92",0,32,2.9
"905",10913,"WJ019.00","28-Jan-92",0,32,2.9
"906",10915,"WJ021.00","28-Jan-92",0,32,2.9
"907",10931,"WJ018.00","11-Dec-91",3,32,2.9
"908",10975,"WJ017.00","1-Aug-91",23,33,2.9
"909",11020,"WJ016.00","18-Jul-91",21,32,2.9
"910",11021,"WJ022.00","18-Jul-91",19,31,2.9
"911",11089,"WJ017.00","3-Jun-91",14,31,2.9
"912",11141,"WJ019.00","2-May-91",7,28,2.9
"913",11187,"WJ017.00","1-Apr-91",2,32,2.9
"914",11191,"WJ021.00","1-Apr-91",3,31,2.9
"915",11331,"WJ016.00","3-Aug-90",17,33,2.9
"916",11334,"WJ019.00","3-Aug-90",19,32,2.9
"917",11337,"WJ022.00","3-Aug-90",18,32,2.9
"918",11376,"WJ016.00","18-Jul-90",18,32,2.9
"919",11378,"WJ019.00","18-Jul-90",19,32,2.9
"920",11395,"WJ022.00","14-Jun-90",16,33,2.9
"921",11445,"WJ016.00","8-Jun-90",14,33,2.9
"922",11452,"WJ017.50","2-Aug-16",27,30,2.8
"923",11456,"WJ017.80","14-Sep-09",17,30,2.8
"924",11468,"WJ016.00","11-Dec-18",2,32,2
"925",11515,"WJ017.00","8-Aug-18",21,34,2
"926",11516,"WJ019.00","8-Aug-18",20,34,2
"927",11517,"WJ024.00","8-Aug-18",20,33,2
"928",11518,"WJ017.00","10-Jul-18",19,33,2
"929",11519,"WJ018.00","10-Jul-18",20,34,2
"930",11520,"WJ024.00","10-Jul-18",18,31,2
"931",11532,"WJ017.80","5-Jun-18",12,29,2
"932",11533,"WJ018.60","5-Jun-18",11,30,2
"933",11542,"WJ018.00","14-May-18",12,29,2
"934",11543,"WJ018.60","14-May-18",12,29,2
"935",11544,"WJ024.00","14-May-18",12,28,2
"936",11559,"WJ016.00","27-Mar-18",2,31,2
"937",11565,"WJ016.00","18-Dec-17",1,34,2
"938",11572,"WJ016.00","4-Dec-17",5,20,2
"939",11601,"WJ018.20","13-Sep-17",17,31,2
"940",11603,"WJ018.60","30-Aug-17",17,32,2
"941",11625,"WJ018.60","12-Jun-17",20,30,2
"942",11635,"WJ016.00","7-Jun-17",9,30,2
"943",11636,"WJ018.60","17-May-17",18,26,2
"944",11645,"WJ016.00","16-May-17",9,28,2
"945",11663,"WJ016.00","22-Feb-17",5,30,2
"946",11688,"WJ016.00","14-Nov-16",7,30,2
"947",11696,"WJ016.00","19-Oct-16",15,30,2
"948",11726,"WJ016.00","2-Aug-16",24,30,2
"949",11742,"WJ018.20","15-Jun-16",14,31,2
"950",11743,"WJ024.00","15-Jun-16",14,31,2
"951",11753,"WJ019.00","30-Mar-16",10,30,2
"952",11762,"WJ016.00","28-Mar-16",6,30,2
"953",11768,"WJ016.00","16-Mar-16",5,30,2
"954",11772,"WJ016.00","24-Feb-16",1,31,2
"955",11778,"WJ016.00","29-Dec-15",1,31,2
"956",11781,"WJ024.00","15-Dec-15",7,30,2
"957",11793,"WJ017.50","28-Oct-15",1,32,2
"958",11794,"WJ018.20","28-Oct-15",1,32,2
"959",11804,"WJ018.60","2-Sep-15",13,30,2
"960",11805,"WJ018.90","2-Sep-15",13,30,2
"961",11831,"WJ017.80","16-Jul-15",13,30,2
"962",11832,"WJ018.20","16-Jul-15",10,30,2
"963",11833,"WJ024.00","16-Jul-15",11,30,2
"964",11845,"WJ016.00","30-Jun-15",21,28,2
"965",11847,"WJ018.00","26-May-15",15,30,2
"966",11856,"WJ017.80","14-Apr-15",6,28,2
"967",11897,"WJ018.00","6-Oct-14",12,32,2
"968",11898,"WJ024.00","6-Oct-14",12,32,2
"969",11912,"WJ018.00","9-Sep-14",16,30,2
"970",11913,"WJ018.90","9-Sep-14",15,30,2
"971",11926,"WJ017.80","5-Aug-14",18,29,2
"972",11927,"WJ018.60","5-Aug-14",19,30,2
"973",11928,"WJ024.00","5-Aug-14",18,30,2
"974",11946,"WJ016.00","23-Jun-14",13,30,2
"975",11964,"WJ016.00","10-Apr-14",1,28,2
"976",11970,"WJ016.00","17-Dec-13",0,30,2
"977",12012,"WJ017.80","28-Aug-13",21,30,2
"978",12029,"WJ017.80","16-Jul-13",22,28,2
"979",12030,"WJ019.00","16-Jul-13",22,28,2
"980",12044,"WJ017.00","22-May-13",12,29,2
"981",12055,"WJ016.00","21-May-13",12,30,2
"982",12056,"WJ018.60","10-Apr-13",6,27,2
"983",12061,"WJ016.00","9-Apr-13",5,30,2
"984",12063,"WJ019.00","19-Mar-13",4,30,2
"985",12065,"WJ016.00","19-Feb-13",-2,30,2
"986",12072,"WJ016.00","9-Jan-13",1,30,2
"987",12087,"WJ017.50","5-Nov-12",8,31,2
"988",12088,"WJ017.80","5-Nov-12",8,30,2
"989",12089,"WJ018.20","5-Nov-12",9,32,2
"990",12099,"WJ016.00","4-Nov-12",10,31,2
"991",12132,"WJ017.00","10-Sep-12",18,31,2
"992",12133,"WJ018.00","10-Sep-12",18,30,2
"993",12134,"WJ018.60","10-Sep-12",17,30,2
"994",12165,"WJ024.00","1-Aug-12",18,30,2
"995",12190,"WJ017.50","2-May-12",9,28,2
"996",12203,"WJ016.00","6-Feb-12",0,30,2
"997",12220,"WJ016.00","6-Dec-11",7,30,2
"998",12244,"WJ017.50","15-Aug-11",20,30,2
"999",12254,"WJ016.00","5-Jul-11",17,28,2
"1000",12255,"WJ017.00","5-Jul-11",20,30,2
"1001",12256,"WJ018.00","5-Jul-11",27,28,2
"1002",12264,"WJ016.00","20-Jun-11",15,29,2
"1003",12265,"WJ018.00","20-Jun-11",24,28,2
"1004",12282,"WJ017.80","4-Apr-11",5,30,2
"1005",12283,"WJ018.00","4-Apr-11",5,30,2
"1006",12289,"WJ017.00","21-Mar-11",4,27,2
"1007",12290,"WJ019.00","21-Mar-11",3,28,2
"1008",12305,"WJ016.00","3-Nov-10",10,32,2
"1009",12320,"WJ016.00","25-Aug-10",18,30,2
"1010",12321,"WJ017.00","25-Aug-10",18,30,2
"1011",12329,"WJ017.50","14-Jul-10",21,30,2
"1012",12338,"WJ017.00","7-Jul-10",22,30,2
"1013",12339,"WJ017.50","7-Jul-10",22,30,2
"1014",12340,"WJ017.80","7-Jul-10",23,30,2
"1015",12341,"WJ018.20","7-Jul-10",23,30,2
"1016",12342,"WJ024.00","7-Jul-10",22,30,2
"1017",12362,"WJ017.00","16-Feb-10",0,32,2
"1018",12363,"WJ017.50","16-Feb-10",1,32,2
"1019",12377,"WJ016.00","1-Dec-09",7,29,2
"1020",12378,"WJ019.00","1-Dec-09",5,29,2
"1021",12386,"WJ016.00","2-Nov-09",11,32,2
"1022",12387,"WJ017.50","2-Nov-09",11,32,2
"1023",12400,"WJ016.00","14-Sep-09",15,30,2
"1024",12401,"WJ017.00","14-Sep-09",16,30,2
"1025",12402,"WJ018.20","1-Sep-09",18,30,2
"1026",12403,"WJ018.60","1-Sep-09",20,30,2
"1027",12405,"WJ017.50","31-Aug-09",20,30,2
"1028",12406,"WJ018.20","31-Aug-09",22,30,2
"1029",12420,"WJ017.50","3-Aug-09",19,28,2
"1030",12424,"WJ024.00","15-Jun-09",15,30,2
"1031",12441,"WJ017.50","5-Jan-09",0,32,2
"1032",12444,"WJ018.00","9-Dec-08",-2,30,2
"1033",12445,"WJ018.20","9-Dec-08",1,30,2
"1034",12446,"WJ018.90","9-Dec-08",2,30,2
"1035",12468,"WJ017.50","29-Jul-08",20,30,2
"1036",12469,"WJ018.90","29-Jul-08",18,30,2
"1037",12470,"WJ024.00","29-Jul-08",19,30,2
"1038",12478,"WJ019.00","9-Jun-08",14,30,2
"1039",12496,"WJ018.60","5-Dec-07",-7,30,2
"1040",12497,"WJ018.90","5-Dec-07",-5,30,2
"1041",12498,"WJ019.00","5-Dec-07",-3,30,2
"1042",12507,"WJ024.00","13-Nov-07",3,30,2
"1043",12509,"WJ016.00","30-Oct-07",10,30,2
"1044",12511,"WJ017.50","10-Oct-07",12,32,2
"1045",12512,"WJ018.00","10-Oct-07",11,32,2
"1046",12513,"WJ018.20","10-Oct-07",11,32,2
"1047",12520,"WJ017.50","11-Sep-07",17,31,2
"1048",12521,"WJ018.60","11-Sep-07",15,32,2
"1049",12522,"WJ019.00","11-Sep-07",13,31,2
"1050",12528,"WJ017.00","28-Aug-07",23,32,2
"1051",12529,"WJ019.00","28-Aug-07",25,30,2
"1052",12534,"WJ018.20","14-Aug-07",22,31,2
"1053",12535,"WJ019.00","14-Aug-07",19,31,2
"1054",12543,"WJ017.00","19-Jul-07",17,30,2
"1055",12544,"WJ019.00","19-Jul-07",17,30,2
"1056",12545,"WJ018.00","8-Jul-07",16,30,2
"1057",12546,"WJ018.90","8-Jul-07",16,30,2
"1058",12552,"WJ017.80","10-Jun-07",13,28,2
"1059",12553,"WJ018.20","10-Jun-07",12,28,2
"1060",12560,"WJ018.00","1-May-07",6,26,2
"1061",12561,"WJ018.20","1-May-07",10,26,2
"1062",12562,"WJ019.00","1-May-07",8,26,2
"1063",12617,"WJ016.00","25-Apr-90",8,35,2
"1064",12622,"WJ022.00","25-Apr-90",9,34,2
"1065",12702,"WJ016.00","9-Oct-18",13,32,1.9
"1066",12712,"WJ017.00","19-Sep-18",16,31,1.9
"1067",12713,"WJ018.00","19-Sep-18",17,31,1.9
"1068",12714,"WJ019.00","19-Sep-18",16,30,1.9
"1069",12715,"WJ024.00","19-Sep-18",16,31,1.9
"1070",12729,"WJ016.00","18-Sep-18",17,34,1.9
"1071",12770,"WJ016.00","8-Aug-18",19,31,1.9
"1072",12771,"WJ017.50","8-Aug-18",21,34,1.9
"1073",12772,"WJ018.00","8-Aug-18",21,34,1.9
"1074",12773,"WJ018.60","8-Aug-18",20,34,1.9
"1075",12775,"WJ017.50","10-Jul-18",19,33,1.9
"1076",12788,"WJ016.00","9-Jul-18",17,32,1.9
"1077",12809,"WJ017.00","5-Jun-18",11,30,1.9
"1078",12810,"WJ017.50","5-Jun-18",12,29,1.9
"1079",12811,"WJ018.00","5-Jun-18",12,29,1.9
"1080",12812,"WJ018.20","5-Jun-18",12,29,1.9
"1081",12813,"WJ018.90","5-Jun-18",12,30,1.9
"1082",12814,"WJ019.00","5-Jun-18",12,30,1.9
"1083",12837,"WJ016.00","4-Jun-18",12,29,1.9
"1084",12871,"WJ017.00","14-May-18",11,29,1.9
"1085",12872,"WJ017.50","14-May-18",12,29,1.9
"1086",12873,"WJ017.80","14-May-18",11,29,1.9
"1087",12874,"WJ018.90","14-May-18",11,29,1.9
"1088",12899,"WJ016.00","7-May-18",10,30,1.9
"1089",12900,"WJ017.00","25-Apr-18",9,30,1.9
"1090",12901,"WJ017.50","25-Apr-18",10,30,1.9
"1091",12902,"WJ017.80","25-Apr-18",10,30,1.9
"1092",12903,"WJ018.20","25-Apr-18",10,30,1.9
"1093",12904,"WJ018.60","25-Apr-18",11,30,1.9
"1094",12905,"WJ018.90","25-Apr-18",10,30,1.9
"1095",12906,"WJ019.00","25-Apr-18",9,30,1.9
"1096",12907,"WJ024.00","25-Apr-18",8,28,1.9
"1097",12926,"WJ016.00","24-Apr-18",5,31,1.9
"1098",12978,"WJ016.00","20-Mar-18",1,36,1.9
"1099",12994,"WJ016.00","21-Feb-18",4,31,1.9
"1100",13008,"WJ016.00","6-Feb-18",-1,34,1.9
"1101",13097,"WJ016.00","27-Sep-17",17,32,1.9
"1102",13101,"WJ017.00","13-Sep-17",16,33,1.9
"1103",13102,"WJ018.60","13-Sep-17",17,31,1.9
"1104",13103,"WJ018.90","13-Sep-17",17,29,1.9
"1105",13104,"WJ019.00","13-Sep-17",19,32,1.9
"1106",13107,"WJ017.00","30-Aug-17",16,32,1.9
"1107",13108,"WJ017.50","30-Aug-17",17,32,1.9
"1108",13109,"WJ018.20","30-Aug-17",18,32,1.9
"1109",13110,"WJ019.00","30-Aug-17",16,32,1.9
"1110",13111,"WJ024.00","30-Aug-17",15,32,1.9
"1111",13136,"WJ016.00","14-Aug-17",19,32,1.9
"1112",13154,"WJ016.00","2-Aug-17",15,32,1.9
"1113",13165,"WJ018.90","18-Jul-17",16,31,1.9
"1114",13192,"WJ017.00","12-Jun-17",19,30,1.9
"1115",13193,"WJ017.50","12-Jun-17",20,30,1.9
"1116",13194,"WJ017.80","12-Jun-17",21,28,1.9
"1117",13195,"WJ018.00","12-Jun-17",22,28,1.9
"1118",13196,"WJ018.20","12-Jun-17",20,28,1.9
"1119",13197,"WJ018.90","12-Jun-17",21,30,1.9
"1120",13198,"WJ019.00","12-Jun-17",21,30,1.9
"1121",13199,"WJ024.00","12-Jun-17",17,30,1.9
"1122",13214,"WJ017.00","17-May-17",13,30,1.9
"1123",13215,"WJ017.50","17-May-17",14,26,1.9
"1124",13216,"WJ018.20","17-May-17",13,26,1.9
"1125",13217,"WJ018.90","17-May-17",14,26,1.9
"1126",13218,"WJ019.00","17-May-17",19,26,1.9
"1127",13219,"WJ024.00","17-May-17",14,26,1.9
"1128",13283,"WJ016.00","10-Apr-17",6,26,1.9
"1129",13329,"WJ016.00","21-Mar-17",0,30,1.9
"1130",13351,"WJ016.00","25-Jan-17",5,32,1.9
"1131",13428,"WJ017.00","8-Nov-16",12,32,1.9
"1132",13429,"WJ017.50","8-Nov-16",12,32,1.9
"1133",13430,"WJ018.00","8-Nov-16",14,29,1.9
"1134",13431,"WJ018.20","8-Nov-16",12,32,1.9
"1135",13432,"WJ018.60","8-Nov-16",12,32,1.9
"1136",13433,"WJ018.90","8-Nov-16",9,32,1.9
"1137",13434,"WJ024.00","8-Nov-16",9,32,1.9
"1138",13458,"WJ017.50","21-Sep-16",21,32,1.9
"1139",13459,"WJ018.00","21-Sep-16",23,31,1.9
"1140",13460,"WJ018.20","21-Sep-16",22,32,1.9
"1141",13461,"WJ018.60","21-Sep-16",22,31,1.9
"1142",13462,"WJ024.00","21-Sep-16",23,32,1.9
"1143",13497,"WJ016.00","17-Aug-16",15,32,1.9
"1144",13548,"WJ017.00","15-Jun-16",14,31,1.9
"1145",13549,"WJ017.50","15-Jun-16",14,31,1.9
"1146",13550,"WJ017.80","15-Jun-16",14,31,1.9
"1147",13551,"WJ018.00","15-Jun-16",14,31,1.9
"1148",13552,"WJ018.60","15-Jun-16",14,31,1.9
"1149",13553,"WJ018.90","15-Jun-16",14,31,1.9
"1150",13554,"WJ019.00","15-Jun-16",14,31,1.9
"1151",13557,"WJ017.00","10-May-16",13,30,1.9
"1152",13558,"WJ017.50","10-May-16",14,30,1.9
"1153",13559,"WJ017.80","10-May-16",15,30,1.9
"1154",13560,"WJ018.00","10-May-16",14,30,1.9
"1155",13561,"WJ018.20","10-May-16",12,30,1.9
"1156",13562,"WJ018.60","10-May-16",14,30,1.9
"1157",13563,"WJ018.90","10-May-16",13,30,1.9
"1158",13564,"WJ019.00","10-May-16",15,30,1.9
"1159",13565,"WJ024.00","10-May-16",11,30,1.9
"1160",13604,"WJ016.00","9-May-16",8,31,1.9
"1161",13648,"WJ016.00","27-Apr-16",8,30,1.9
"1162",13680,"WJ017.00","30-Mar-16",7,30,1.9
"1163",13681,"WJ017.50","30-Mar-16",7,30,1.9
"1164",13682,"WJ017.80","30-Mar-16",7,30,1.9
"1165",13683,"WJ018.00","30-Mar-16",7,30,1.9
"1166",13684,"WJ018.20","30-Mar-16",7,30,1.9
"1167",13685,"WJ018.60","30-Mar-16",9,30,1.9
"1168",13686,"WJ018.90","30-Mar-16",8,30,1.9
"1169",13687,"WJ024.00","30-Mar-16",7,30,1.9
"1170",13740,"WJ018.20","29-Dec-15",1,30,1.9
"1171",13741,"WJ018.90","29-Dec-15",1,30,1.9
"1172",13751,"WJ017.50","15-Dec-15",6,30,1.9
"1173",13819,"WJ017.00","28-Oct-15",1,32,1.9
"1174",13820,"WJ017.80","28-Oct-15",1,32,1.9
"1175",13821,"WJ018.00","28-Oct-15",1,32,1.9
"1176",13822,"WJ018.60","28-Oct-15",1,32,1.9
"1177",13823,"WJ018.90","28-Oct-15",1,32,1.9
"1178",13824,"WJ019.00","28-Oct-15",1,32,1.9
"1179",13825,"WJ024.00","28-Oct-15",1,32,1.9
"1180",13857,"WJ017.00","2-Sep-15",12,30,1.9
"1181",13858,"WJ017.50","2-Sep-15",13,30,1.9
"1182",13859,"WJ017.80","2-Sep-15",14,30,1.9
"1183",13860,"WJ018.00","2-Sep-15",15,30,1.9
"1184",13861,"WJ018.20","2-Sep-15",14,30,1.9
"1185",13862,"WJ024.00","2-Sep-15",13,30,1.9
"1186",13876,"WJ016.00","1-Sep-15",11,30,1.9
"1187",13912,"WJ016.00","17-Aug-15",12,30,1.9
"1188",13933,"WJ017.00","16-Jul-15",11,30,1.9
"1189",13934,"WJ017.50","16-Jul-15",11,30,1.9
"1190",13935,"WJ018.00","16-Jul-15",12,30,1.9
"1191",13936,"WJ018.60","16-Jul-15",12,30,1.9
"1192",13937,"WJ018.90","16-Jul-15",11,31,1.9
"1193",13938,"WJ019.00","16-Jul-15",12,30,1.9
"1194",13959,"WJ016.00","14-Jul-15",18,30,1.9
"1195",13975,"WJ016.00","26-May-15",16,30,1.9
"1196",13976,"WJ017.00","26-May-15",16,30,1.9
"1197",13977,"WJ017.50","26-May-15",16,30,1.9
"1198",13978,"WJ017.80","26-May-15",16,28,1.9
"1199",13979,"WJ018.60","26-May-15",16,30,1.9
"1200",13980,"WJ018.90","26-May-15",14,30,1.9
"1201",13981,"WJ019.00","26-May-15",15,30,1.9
"1202",14017,"WJ016.00","13-May-15",13,30,1.9
"1203",14030,"WJ016.00","4-May-15",12,30,1.9
"1204",14047,"WJ016.00","28-Apr-15",5,30,1.9
"1205",14048,"WJ017.00","28-Apr-15",5,29,1.9
"1206",14049,"WJ017.50","28-Apr-15",5,28,1.9
"1207",14050,"WJ017.80","28-Apr-15",5,30,1.9
"1208",14051,"WJ018.00","28-Apr-15",5,28,1.9
"1209",14052,"WJ018.20","28-Apr-15",5,29,1.9
"1210",14053,"WJ018.60","28-Apr-15",6,30,1.9
"1211",14054,"WJ018.90","28-Apr-15",5,30,1.9
"1212",14055,"WJ019.00","28-Apr-15",5,30,1.9
"1213",14056,"WJ024.00","28-Apr-15",5,29,1.9
"1214",14067,"WJ016.00","14-Apr-15",7,29,1.9
"1215",14068,"WJ017.00","14-Apr-15",7,28,1.9
"1216",14069,"WJ017.50","14-Apr-15",6,26,1.9
"1217",14070,"WJ018.90","14-Apr-15",6,26,1.9
"1218",14071,"WJ024.00","14-Apr-15",5,28,1.9
"1219",14114,"WJ016.00","21-Jan-15",0,30,1.9
"1220",14150,"WJ016.00","6-Oct-14",12,32,1.9
"1221",14151,"WJ017.50","6-Oct-14",12,32,1.9
"1222",14152,"WJ018.60","6-Oct-14",13,32,1.9
"1223",14153,"WJ018.90","6-Oct-14",12,32,1.9
"1224",14168,"WJ016.00","22-Sep-14",14,30,1.9
"1225",14194,"WJ016.00","9-Sep-14",14,30,1.9
"1226",14195,"WJ017.00","9-Sep-14",15,30,1.9
"1227",14196,"WJ017.50","9-Sep-14",15,30,1.9
"1228",14197,"WJ018.60","9-Sep-14",15,30,1.9
"1229",14198,"WJ019.00","9-Sep-14",16,30,1.9
"1230",14199,"WJ024.00","9-Sep-14",16,30,1.9
"1231",14221,"WJ016.00","24-Aug-14",16,30,1.9
"1232",14234,"WJ017.50","5-Aug-14",19,30,1.9
"1233",14235,"WJ018.00","5-Aug-14",18,30,1.9
"1234",14236,"WJ018.20","5-Aug-14",18,30,1.9
"1235",14256,"WJ016.00","4-Aug-14",19,30,1.9
"1236",14301,"WJ016.00","3-Jun-14",14,29,1.9
"1237",14302,"WJ017.00","3-Jun-14",16,28,1.9
"1238",14303,"WJ017.50","3-Jun-14",16,28,1.9
"1239",14304,"WJ017.80","3-Jun-14",19,28,1.9
"1240",14305,"WJ018.00","3-Jun-14",21,28,1.9
"1241",14306,"WJ018.20","3-Jun-14",16,28,1.9
"1242",14307,"WJ018.60","3-Jun-14",17,28,1.9
"1243",14308,"WJ018.90","3-Jun-14",16,28,1.9
"1244",14309,"WJ019.00","3-Jun-14",20,28,1.9
"1245",14310,"WJ024.00","3-Jun-14",16,30,1.9
"1246",14337,"WJ016.00","2-Jun-14",13,30,1.9
"1247",14346,"WJ017.00","6-May-14",5,28,1.9
"1248",14347,"WJ017.50","6-May-14",6,28,1.9
"1249",14348,"WJ017.80","6-May-14",6,28,1.9
"1250",14349,"WJ018.00","6-May-14",6,28,1.9
"1251",14350,"WJ018.20","6-May-14",6,28,1.9
"1252",14351,"WJ018.60","6-May-14",7,28,1.9
"1253",14352,"WJ018.90","6-May-14",6,28,1.9
"1254",14353,"WJ024.00","6-May-14",7,28,1.9
"1255",14381,"WJ016.00","5-May-14",7,28,1.9
"1256",14450,"WJ016.00","15-Apr-14",6,26,1.9
"1257",14502,"WJ016.00","10-Mar-14",-1,31,1.9
"1258",14503,"WJ017.00","10-Mar-14",0,31,1.9
"1259",14504,"WJ017.50","10-Mar-14",0,30,1.9
"1260",14505,"WJ018.00","10-Mar-14",0,28,1.9
"1261",14506,"WJ018.90","10-Mar-14",0,30,1.9
"1262",14507,"WJ024.00","10-Mar-14",0,30,1.9
"1263",14520,"WJ016.00","11-Feb-14",1,30,1.9
"1264",14570,"WJ017.00","16-Oct-13",13,31,1.9
"1265",14571,"WJ017.50","16-Oct-13",13,31,1.9
"1266",14572,"WJ017.80","16-Oct-13",13,31,1.9
"1267",14573,"WJ018.00","16-Oct-13",13,31,1.9
"1268",14574,"WJ018.20","16-Oct-13",13,31,1.9
"1269",14575,"WJ018.60","16-Oct-13",13,31,1.9
"1270",14576,"WJ018.90","16-Oct-13",13,31,1.9
"1271",14577,"WJ019.00","16-Oct-13",14,30,1.9
"1272",14578,"WJ024.00","16-Oct-13",13,30,1.9
"1273",14608,"WJ016.00","15-Oct-13",12,30,1.9
"1274",14633,"WJ016.00","30-Sep-13",13,32,1.9
"1275",14643,"WJ016.00","10-Sep-13",15,30,1.9
"1276",14644,"WJ017.00","28-Aug-13",18,30,1.9
"1277",14645,"WJ017.50","28-Aug-13",20,30,1.9
"1278",14646,"WJ018.20","28-Aug-13",20,30,1.9
"1279",14647,"WJ018.90","28-Aug-13",21,30,1.9
"1280",14648,"WJ019.00","28-Aug-13",24,30,1.9
"1281",14649,"WJ024.00","28-Aug-13",19,30,1.9
"1282",14674,"WJ016.00","27-Aug-13",20,30,1.9
"1283",14687,"WJ017.00","16-Jul-13",20,28,1.9
"1284",14688,"WJ017.50","16-Jul-13",21,28,1.9
"1285",14689,"WJ018.00","16-Jul-13",22,28,1.9
"1286",14690,"WJ018.90","16-Jul-13",22,28,1.9
"1287",14691,"WJ024.00","16-Jul-13",20,28,1.9
"1288",14714,"WJ016.00","15-Jul-13",20,28,1.9
"1289",14745,"WJ016.00","5-Jun-13",14,30,1.9
"1290",14763,"WJ018.60","23-Apr-13",8,30,1.9
"1291",14765,"WJ017.00","10-Apr-13",8,30,1.9
"1292",14766,"WJ017.50","10-Apr-13",6,30,1.9
"1293",14767,"WJ017.80","10-Apr-13",8,30,1.9
"1294",14768,"WJ018.00","10-Apr-13",6,30,1.9
"1295",14769,"WJ018.20","10-Apr-13",6,30,1.9
"1296",14770,"WJ018.90","10-Apr-13",6,30,1.9
"1297",14771,"WJ019.00","10-Apr-13",7,29,1.9
"1298",14772,"WJ024.00","10-Apr-13",6,30,1.9
"1299",14830,"WJ018.20","19-Mar-13",4,29,1.9
"1300",14855,"WJ016.00","5-Mar-13",3,30,1.9
"1301",14870,"WJ018.90","19-Feb-13",-3,30,1.9
"1302",14871,"WJ024.00","19-Feb-13",-1,30,1.9
"1303",14940,"WJ016.00","25-Nov-12",5,32,1.9
"1304",14960,"WJ018.00","5-Nov-12",8,30,1.9
"1305",14961,"WJ018.60","5-Nov-12",7,32,1.9
"1306",14962,"WJ018.90","5-Nov-12",9,32,1.9
"1307",14963,"WJ019.00","5-Nov-12",8,31,1.9
"1308",14964,"WJ024.00","5-Nov-12",10,32,1.9
"1309",15020,"WJ016.00","21-Oct-12",12,32,1.9
"1310",15039,"WJ016.00","9-Oct-12",13,32,1.9
"1311",15061,"WJ016.00","23-Sep-12",16,30,1.9
"1312",15083,"WJ017.50","10-Sep-12",17,30,1.9
"1313",15084,"WJ018.90","10-Sep-12",17,30,1.9
"1314",15085,"WJ019.00","10-Sep-12",17,30,1.9
"1315",15086,"WJ024.00","10-Sep-12",18,30,1.9
"1316",15097,"WJ016.00","9-Sep-12",20,30,1.9
"1317",15110,"WJ016.00","26-Aug-12",20,30,1.9
"1318",15145,"WJ016.00","1-Aug-12",18,30,1.9
"1319",15146,"WJ017.00","1-Aug-12",21,30,1.9
"1320",15147,"WJ018.90","1-Aug-12",20,30,1.9
"1321",15168,"WJ016.00","10-Jul-12",19,30,1.9
"1322",15169,"WJ017.00","10-Jul-12",21,30,1.9
"1323",15170,"WJ017.50","10-Jul-12",22,29,1.9
"1324",15171,"WJ017.80","10-Jul-12",22,28,1.9
"1325",15172,"WJ018.00","10-Jul-12",21,29,1.9
"1326",15173,"WJ018.20","10-Jul-12",20,29,1.9
"1327",15174,"WJ018.60","10-Jul-12",20,29,1.9
"1328",15175,"WJ018.90","10-Jul-12",22,30,1.9
"1329",15176,"WJ019.00","10-Jul-12",22,30,1.9
"1330",15177,"WJ024.00","10-Jul-12",20,30,1.9
"1331",15203,"WJ016.00","18-Jun-12",18,27,1.9
"1332",15210,"WJ016.00","30-May-12",15,28,1.9
"1333",15243,"WJ016.00","2-May-12",9,29,1.9
"1334",15244,"WJ017.00","2-May-12",10,30,1.9
"1335",15245,"WJ018.20","2-May-12",9,30,1.9
"1336",15246,"WJ018.90","2-May-12",10,30,1.9
"1337",15247,"WJ019.00","2-May-12",9,30,1.9
"1338",15248,"WJ024.00","2-May-12",8,30,1.9
"1339",15266,"WJ016.00","3-Apr-12",6,32,1.9
"1340",15314,"WJ018.00","5-Mar-12",4,30,1.9
"1341",15315,"WJ018.60","5-Mar-12",3,28,1.9
"1342",15316,"WJ018.90","5-Mar-12",2,30,1.9
"1343",15317,"WJ019.00","5-Mar-12",5,30,1.9
"1344",15318,"WJ024.00","5-Mar-12",3,30,1.9
"1345",15332,"WJ016.00","21-Feb-12",1,32,1.9
"1346",15360,"WJ016.00","3-Jan-12",1,30,1.9
"1347",15408,"WJ016.00","7-Nov-11",6,30,1.9
"1348",15429,"WJ016.00","6-Sep-11",17,30,1.9
"1349",15439,"WJ016.00","15-Aug-11",19,30,1.9
"1350",15440,"WJ017.00","15-Aug-11",19,30,1.9
"1351",15441,"WJ018.00","15-Aug-11",19,30,1.9
"1352",15442,"WJ018.60","15-Aug-11",18,30,1.9
"1353",15443,"WJ018.90","15-Aug-11",18,30,1.9
"1354",15444,"WJ019.00","15-Aug-11",19,29,1.9
"1355",15445,"WJ024.00","15-Aug-11",18,30,1.9
"1356",15463,"WJ017.80","5-Jul-11",21,30,1.9
"1357",15464,"WJ018.20","5-Jul-11",23,30,1.9
"1358",15465,"WJ018.60","5-Jul-11",22,28,1.9
"1359",15466,"WJ018.90","5-Jul-11",20,30,1.9
"1360",15467,"WJ019.00","5-Jul-11",24,28,1.9
"1361",15468,"WJ024.00","5-Jul-11",20,29,1.9
"1362",15498,"WJ017.00","20-Jun-11",15,28,1.9
"1363",15499,"WJ017.50","20-Jun-11",17,28,1.9
"1364",15500,"WJ017.80","20-Jun-11",23,28,1.9
"1365",15501,"WJ018.20","20-Jun-11",18,30,1.9
"1366",15502,"WJ018.60","20-Jun-11",23,30,1.9
"1367",15503,"WJ018.90","20-Jun-11",16,29,1.9
"1368",15504,"WJ019.00","20-Jun-11",21,28,1.9
"1369",15505,"WJ024.00","20-Jun-11",17,28,1.9
"1370",15525,"WJ016.00","16-May-11",9,28,1.9
"1371",15567,"WJ017.00","4-Apr-11",4,30,1.9
"1372",15568,"WJ017.50","4-Apr-11",5,28,1.9
"1373",15569,"WJ018.20","4-Apr-11",5,29,1.9
"1374",15570,"WJ018.60","4-Apr-11",5,30,1.9
"1375",15571,"WJ018.90","4-Apr-11",5,30,1.9
"1376",15572,"WJ019.00","4-Apr-11",4,30,1.9
"1377",15573,"WJ024.00","4-Apr-11",3,30,1.9
"1378",15609,"WJ017.50","21-Mar-11",3,28,1.9
"1379",15610,"WJ018.90","21-Mar-11",3,28,1.9
"1380",15611,"WJ024.00","21-Mar-11",4,28,1.9
"1381",15622,"WJ016.00","2-Mar-11",-1,30,1.9
"1382",15627,"WJ016.00","7-Feb-11",-2,32,1.9
"1383",15718,"WJ016.00","13-Oct-10",14,32,1.9
"1384",15719,"WJ017.00","13-Oct-10",14,32,1.9
"1385",15720,"WJ017.50","13-Oct-10",14,32,1.9
"1386",15721,"WJ017.80","13-Oct-10",15,32,1.9
"1387",15722,"WJ018.00","13-Oct-10",15,32,1.9
"1388",15723,"WJ018.20","13-Oct-10",14,32,1.9
"1389",15724,"WJ018.60","13-Oct-10",17,32,1.9
"1390",15725,"WJ018.90","13-Oct-10",13,32,1.9
"1391",15726,"WJ019.00","13-Oct-10",15,32,1.9
"1392",15727,"WJ024.00","13-Oct-10",14,32,1.9
"1393",15760,"WJ016.00","20-Sep-10",15,31,1.9
"1394",15768,"WJ018.20","25-Aug-10",19,30,1.9
"1395",15769,"WJ018.60","25-Aug-10",19,30,1.9
"1396",15770,"WJ019.00","25-Aug-10",17,32,1.9
"1397",15771,"WJ024.00","25-Aug-10",20,30,1.9
"1398",15796,"WJ016.00","7-Jul-10",21,30,1.9
"1399",15797,"WJ018.00","7-Jul-10",24,30,1.9
"1400",15798,"WJ018.90","7-Jul-10",20,30,1.9
"1401",15799,"WJ019.00","7-Jul-10",21,30,1.9
"1402",15815,"WJ016.00","2-Jun-10",15,30,1.9
"1403",15843,"WJ016.00","18-May-10",10,30,1.9
"1404",15844,"WJ017.00","18-May-10",11,30,1.9
"1405",15845,"WJ017.50","18-May-10",13,31,1.9
"1406",15846,"WJ017.80","18-May-10",14,30,1.9
"1407",15847,"WJ018.00","18-May-10",15,30,1.9
"1408",15848,"WJ018.20","18-May-10",12,30,1.9
"1409",15849,"WJ018.60","18-May-10",10,30,1.9
"1410",15850,"WJ018.90","18-May-10",11,31,1.9
"1411",15851,"WJ019.00","18-May-10",15,31,1.9
"1412",15852,"WJ024.00","18-May-10",10,30,1.9
"1413",15907,"WJ016.00","20-Apr-10",9,30,1.9
"1414",15908,"WJ017.50","20-Apr-10",11,30,1.9
"1415",15909,"WJ017.80","20-Apr-10",16,29,1.9
"1416",15910,"WJ018.00","20-Apr-10",13,28,1.9
"1417",15911,"WJ018.20","20-Apr-10",11,30,1.9
"1418",15912,"WJ018.60","20-Apr-10",14,30,1.9
"1419",15957,"WJ016.00","5-Apr-10",10,26,1.9
"1420",15958,"WJ017.00","5-Apr-10",10,28,1.9
"1421",15959,"WJ017.80","5-Apr-10",13,26,1.9
"1422",15960,"WJ018.00","5-Apr-10",13,25,1.9
"1423",15961,"WJ018.20","5-Apr-10",11,26,1.9
"1424",15962,"WJ018.60","5-Apr-10",12,28,1.9
"1425",15963,"WJ018.90","5-Apr-10",10,28,1.9
"1426",15964,"WJ019.00","5-Apr-10",12,28,1.9
"1427",15965,"WJ024.00","5-Apr-10",10,28,1.9
"1428",15985,"WJ016.00","16-Feb-10",0,32,1.9
"1429",15986,"WJ017.80","16-Feb-10",0,32,1.9
"1430",15987,"WJ018.00","16-Feb-10",1,32,1.9
"1431",15988,"WJ018.20","16-Feb-10",0,32,1.9
"1432",15989,"WJ018.60","16-Feb-10",1,32,1.9
"1433",15990,"WJ018.90","16-Feb-10",1,32,1.9
"1434",15991,"WJ019.00","16-Feb-10",1,30,1.9
"1435",15992,"WJ024.00","16-Feb-10",1,31,1.9
"1436",16064,"WJ017.00","2-Nov-09",11,32,1.9
"1437",16065,"WJ018.00","2-Nov-09",12,32,1.9
"1438",16066,"WJ018.90","2-Nov-09",11,32,1.9
"1439",16067,"WJ024.00","2-Nov-09",11,31,1.9
"1440",16085,"WJ016.00","5-Oct-09",14,30,1.9
"1441",16086,"WJ017.50","5-Oct-09",14,30,1.9
"1442",16087,"WJ018.90","5-Oct-09",14,30,1.9
"1443",16115,"WJ017.50","14-Sep-09",16,30,1.9
"1444",16116,"WJ024.00","14-Sep-09",15,31,1.9
"1445",16117,"WJ017.50","1-Sep-09",20,28,1.9
"1446",16118,"WJ018.00","1-Sep-09",21,30,1.9
"1447",16119,"WJ018.90","1-Sep-09",21,30,1.9
"1448",16136,"WJ018.20","3-Aug-09",21,28,1.9
"1449",16137,"WJ018.90","3-Aug-09",21,28,1.9
"1450",16138,"WJ019.00","3-Aug-09",20,28,1.9
"1451",16139,"WJ024.00","3-Aug-09",20,29,1.9
"1452",16211,"WJ016.00","14-Apr-09",6,30,1.9
"1453",16212,"WJ017.00","14-Apr-09",6,30,1.9
"1454",16213,"WJ017.50","14-Apr-09",6,30,1.9
"1455",16214,"WJ017.80","14-Apr-09",8,30,1.9
"1456",16215,"WJ018.00","14-Apr-09",7,29,1.9
"1457",16216,"WJ018.20","14-Apr-09",6,30,1.9
"1458",16217,"WJ018.60","14-Apr-09",8,30,1.9
"1459",16218,"WJ018.90","14-Apr-09",7,29,1.9
"1460",16219,"WJ019.00","14-Apr-09",8,30,1.9
"1461",16220,"WJ024.00","14-Apr-09",5,30,1.9
"1462",16258,"WJ017.80","15-Mar-09",5,28,1.9
"1463",16259,"WJ018.20","15-Mar-09",5,29,1.9
"1464",16260,"WJ018.60","15-Mar-09",5,28,1.9
"1465",16261,"WJ018.90","15-Mar-09",4,28,1.9
"1466",16262,"WJ019.00","15-Mar-09",7,29,1.9
"1467",16268,"WJ016.00","3-Mar-09",1,31,1.9
"1468",16269,"WJ017.00","3-Mar-09",0,31,1.9
"1469",16270,"WJ017.50","3-Mar-09",1,30,1.9
"1470",16271,"WJ018.00","3-Mar-09",-1,26,1.9
"1471",16272,"WJ024.00","3-Mar-09",-1,31,1.9
"1472",16305,"WJ018.90","5-Jan-09",-1,32,1.9
"1473",16306,"WJ019.00","5-Jan-09",-1,32,1.9
"1474",16315,"WJ018.60","9-Dec-08",0,30,1.9
"1475",16378,"WJ016.00","22-Sep-08",13,30,1.9
"1476",16379,"WJ017.00","22-Sep-08",14,30,1.9
"1477",16380,"WJ017.50","22-Sep-08",12,30,1.9
"1478",16381,"WJ017.80","22-Sep-08",15,31,1.9
"1479",16382,"WJ018.00","22-Sep-08",14,30,1.9
"1480",16383,"WJ018.20","22-Sep-08",13,30,1.9
"1481",16384,"WJ018.60","22-Sep-08",11,31,1.9
"1482",16385,"WJ018.90","22-Sep-08",12,29,1.9
"1483",16386,"WJ019.00","22-Sep-08",17,31,1.9
"1484",16387,"WJ024.00","22-Sep-08",12,30,1.9
"1485",16398,"WJ016.00","29-Jul-08",17,30,1.9
"1486",16399,"WJ017.00","29-Jul-08",20,28,1.9
"1487",16400,"WJ018.20","29-Jul-08",20,29,1.9
"1488",16401,"WJ018.60","29-Jul-08",18,28,1.9
"1489",16409,"WJ018.00","21-Jul-08",23,30,1.9
"1490",16430,"WJ016.00","9-Jun-08",14,30,1.9
"1491",16431,"WJ017.00","9-Jun-08",17,30,1.9
"1492",16432,"WJ017.50","9-Jun-08",17,30,1.9
"1493",16433,"WJ017.80","9-Jun-08",24,30,1.9
"1494",16434,"WJ018.00","9-Jun-08",23,30,1.9
"1495",16435,"WJ018.20","9-Jun-08",16,30,1.9
"1496",16436,"WJ018.60","9-Jun-08",21,30,1.9
"1497",16437,"WJ018.90","9-Jun-08",13,30,1.9
"1498",16438,"WJ024.00","9-Jun-08",17,30,1.9
"1499",16456,"WJ017.00","7-May-08",10,26,1.9
"1500",16457,"WJ017.50","7-May-08",11,25,1.9
"1501",16458,"WJ017.80","7-May-08",12,25,1.9
"1502",16459,"WJ018.00","7-May-08",13,24,1.9
"1503",16460,"WJ018.20","7-May-08",12,24,1.9
"1504",16461,"WJ018.60","7-May-08",10,25,1.9
"1505",16462,"WJ018.90","7-May-08",11,24,1.9
"1506",16463,"WJ019.00","7-May-08",15,25,1.9
"1507",16507,"WJ016.00","8-Apr-08",6,30,1.9
"1508",16508,"WJ017.00","8-Apr-08",6,28,1.9
"1509",16509,"WJ017.50","8-Apr-08",6,30,1.9
"1510",16510,"WJ017.80","8-Apr-08",7,28,1.9
"1511",16511,"WJ018.00","8-Apr-08",9,26,1.9
"1512",16512,"WJ018.20","8-Apr-08",10,28,1.9
"1513",16513,"WJ018.60","8-Apr-08",10,28,1.9
"1514",16514,"WJ018.90","8-Apr-08",8,30,1.9
"1515",16515,"WJ019.00","8-Apr-08",10,30,1.9
"1516",16516,"WJ024.00","8-Apr-08",9,30,1.9
"1517",16535,"WJ017.00","9-Mar-08",3,30,1.9
"1518",16536,"WJ017.50","9-Mar-08",2,30,1.9
"1519",16568,"WJ017.00","11-Feb-08",1,30,1.9
"1520",16569,"WJ017.50","11-Feb-08",0,30,1.9
"1521",16570,"WJ018.00","11-Feb-08",0,30,1.9
"1522",16571,"WJ018.20","11-Feb-08",-1,30,1.9
"1523",16572,"WJ018.60","11-Feb-08",0,28,1.9
"1524",16573,"WJ018.90","11-Feb-08",0,30,1.9
"1525",16574,"WJ019.00","11-Feb-08",0,30,1.9
"1526",16575,"WJ024.00","11-Feb-08",0,30,1.9
"1527",16585,"WJ017.00","6-Jan-08",-5,30,1.9
"1528",16586,"WJ017.50","6-Jan-08",0,26,1.9
"1529",16587,"WJ018.00","6-Jan-08",0,30,1.9
"1530",16588,"WJ018.90","6-Jan-08",-3,30,1.9
"1531",16589,"WJ019.00","6-Jan-08",2,30,1.9
"1532",16624,"WJ018.00","13-Nov-07",6,30,1.9
"1533",16625,"WJ018.60","13-Nov-07",4,30,1.9
"1534",16626,"WJ018.90","13-Nov-07",10,30,1.9
"1535",16627,"WJ019.00","13-Nov-07",8,30,1.9
"1536",16629,"WJ018.00","30-Oct-07",9,27,1.9
"1537",16636,"WJ017.00","10-Oct-07",12,32,1.9
"1538",16637,"WJ018.60","10-Oct-07",10,32,1.9
"1539",16638,"WJ018.90","10-Oct-07",12,32,1.9
"1540",16648,"WJ016.00","11-Sep-07",12,32,1.9
"1541",16649,"WJ017.00","11-Sep-07",14,32,1.9
"1542",16650,"WJ018.90","11-Sep-07",14,31,1.9
"1543",16651,"WJ024.00","11-Sep-07",15,32,1.9
"1544",16659,"WJ016.00","28-Aug-07",19,32,1.9
"1545",16660,"WJ017.80","28-Aug-07",23,32,1.9
"1546",16661,"WJ018.00","28-Aug-07",20,32,1.9
"1547",16662,"WJ018.90","28-Aug-07",21,30,1.9
"1548",16671,"WJ017.00","14-Aug-07",20,32,1.9
"1549",16672,"WJ017.50","14-Aug-07",15,32,1.9
"1550",16673,"WJ017.80","14-Aug-07",20,31,1.9
"1551",16674,"WJ018.00","14-Aug-07",19,31,1.9
"1552",16675,"WJ018.60","14-Aug-07",21,31,1.9
"1553",16676,"WJ018.90","14-Aug-07",19,31,1.9
"1554",16684,"WJ017.50","24-Jul-07",18,30,1.9
"1555",16685,"WJ024.00","24-Jul-07",17,31,1.9
"1556",16700,"WJ016.00","23-Jul-07",17,30,1.9
"1557",16701,"WJ017.00","23-Jul-07",20,31,1.9
"1558",16702,"WJ017.50","19-Jul-07",18,30,1.9
"1559",16703,"WJ018.00","19-Jul-07",17,30,1.9
"1560",16704,"WJ018.20","19-Jul-07",18,31,1.9
"1561",16705,"WJ018.60","19-Jul-07",16,31,1.9
"1562",16706,"WJ018.90","19-Jul-07",16,31,1.9
"1563",16711,"WJ017.00","8-Jul-07",15,30,1.9
"1564",16712,"WJ017.80","8-Jul-07",16,30,1.9
"1565",16713,"WJ018.20","8-Jul-07",16,30,1.9
"1566",16714,"WJ018.60","8-Jul-07",15,30,1.9
"1567",16715,"WJ019.00","8-Jul-07",15,30,1.9
"1568",16725,"WJ018.60","10-Jun-07",13,28,1.9
"1569",16726,"WJ018.90","10-Jun-07",12,28,1.9
"1570",16740,"WJ019.00","14-May-07",13,30,1.9
"1571",16759,"WJ016.00","1-May-07",10,26,1.9
"1572",16760,"WJ017.00","1-May-07",8,26,1.9
"1573",16761,"WJ017.50","1-May-07",6,26,1.9
"1574",16762,"WJ024.00","1-May-07",7,26,1.9
"1575",16788,"WJ016.00","3-Apr-07",3,30,1.9
"1576",16789,"WJ018.00","3-Apr-07",4,28,1.9
"1577",16790,"WJ018.20","3-Apr-07",3,30,1.9
"1578",16791,"WJ019.00","3-Apr-07",3,30,1.9
"1579",16792,"WJ024.00","3-Apr-07",2,30,1.9
"1580",16837,"WJ016.00","6-Feb-07",-3,32,1.9
"1581",16838,"WJ018.00","6-Feb-07",-3,32,1.9
"1582",16839,"WJ024.00","6-Feb-07",-3,32,1.9
"1583",16892,"WJ016.00","27-Sep-06",12,30,1.9
"1584",16893,"WJ018.00","27-Sep-06",13,30,1.9
"1585",16894,"WJ019.00","27-Sep-06",13,30,1.9
"1586",16896,"WJ024.00","27-Sep-06",15,30,1.9
